id,apiname,url,title,summary,published,imageurl,source,score,adverb_count,adjective_count,noun_count,pronoun_count,verb_count
1,Newsdata,https://www.prabhatkhabar.com/life-and-style/travel/bhopal-unique-taj-mahal-mp-tourism,MP Tourism: मध्य प्रदेश की राजधानी भोपाल में भी है अनोखा ताजमहल,"भोपाल के ताजमहल (""Taj Mahal of Bhopal) का निर्माण प्रसिद्ध वास्तुकार सर सैयद अहमद खान द्वारा डिजाइन किया गया और भोपाल की एकमात्र नवाब शाहजहां बेगम के द्वारा बनवाया गया था.The post MP Tourism: मध्य प्रदेश की राजधानी भोपाल में भी है अनोखा ताजमहल appeared first on Prabhat Khabar.",2024-08-02 17:34:52,https://www.prabhatkhabar.com/wp-content/uploads/2024/01/1619176320_tajmahal.jpg,prabhatkhabar,0.9999999999999962,0,0,0,0,0
2,Newsdata,https://www.bhaskar.com/local/bihar/kishanganj/news/children-created-a-ruckus-when-they-were-given-a-rotten-egg-in-their-food-133420327.html,"खाने में सड़ा अंडा देने पर बच्चों ने किया हंगामा:परिजनों ने स्कूल प्रशासन पर लगाए गंभीर आरोप, BEO ने जांच के बाद कार्रवाई का दिया आदेश","किशनगंज के ठाकुरगंज के कनकपुर में एक विद्यालय में बच्चों को खाने में सड़ा अंडा देने पर बच्चों के साथ परिजनों ने जमकर बवाल किया। मामला ठाकुरगंज के कनकपुर पंचायत अंतर्गत स्थित उत्क्रमित मध्य विद्यालय जामनीगुड़ी का है। जहां शुक्रवार दोपहर को खराब और सड़ा हुआ मध्यान भोजन सैकडों बच्चो के बीच परोसा गया है। जिसके बाद बच्चो के शिकायत पर सभी बच्चो के अविभावक और आसपास के ग्रामीण स्कूल पहुंचकर जमकर बवाल किया है। जहां आक्रोशित लोगो ने स्कूल प्रशासन के खिलाफ कई आरोप लगाते हुए कार्रवाई की मांग की है। वहीं हंगामे की सूचना मिलते ही मौके पर कुर्लीकोर्ट थाना की पुलिस अपने दल बल के साथ पहुंच चुकी है और किसी तरह लोगो को शांत करवाया है। सारे आरोप निराधार प्रधानाध्यापक ने कहा कि भोजन में किसी प्रकार का कोई भी दिक्कत नही थी, और सारे आरोप निराधार है। जांच के बाद होगी कार्रवाई प्रखंड शिक्षा पदाधिकारी कुनकुन मल्लिक ने इस संदर्भ में जानकारी देते हुए बताई कि मामले की उन्हें सूचना मिली है वो मामले की छानबीन और कर उक्त स्कूल और शिक्षकों पर विधि सम्मत कार्रवाई करेगी।",2024-08-02 17:05:46,https://images.bhaskarassets.com/thumb/1000x1000/web2images/521/2024/08/02/2eb9f695-d8dd-4e98-9ebf-efb0b8d4dda4_1722606851984.jpg,bhaskar_hindi,0.02834806744162719,0,1,11,1,2
3,Newsdata,https://www.bhaskar.com/local/bihar/patna/news/electricity-will-be-cut-for-3-hours-in-patna-due-to-cable-shifting-and-maintenance-133420323.html,"पटना में केबल शिफ्टिंग-मेंटेनेंस के चलते 3 घंटे ​​​​​​​कटेगी बिजली:बोरिंग रौड चौराहा, पाटलिपुत्र कॉलोनी समेत कई इलाकों में सप्लाई बाधित रहेगी","पटना में शनिवार को पेड़ की छंटाई और मेंटेनेंस वर्क को लेकर 3 घंटे तक बिजली की सप्लाई बाधित रहेगी। PMCH परिसर, धन्वंतरि चाणक्य अस्पताल मखनिया कुआं, खुदा बख्श लाइब्रेरी, पटना मार्केट, अशोक राजपथ, जीएम रोड, अशोक राजपथ, आर्य कुमार रोड, बोरिंग रोड चौराहा, पाटलिपुत्र कॉलोनी समेत कई इलाकों में बिजली कटेगी। इन इलाकों में कटेगी बिजली बिजली विभाग के मुताबिक पेड़ की छंटाई को लेकर 11KV पावर सब स्टेशन सुबह 7 से 9 बजे कर बंद रहेगा। इस वजह से पीएमसीएच परिसर, IGIIC बिल्डिंग, धन्वंतरि चाणक्य अस्पताल मखनिया कुआं, खुदा बख्श लाइब्रेरी के इलाकों में बिजली गुल रहेगी। केबल शिफ्टिंग को लेकर रात 12:30 बजे से 2:30 बजे तक मखनिया कुंआ, जीएम रोड, बाबू टोला गली, पटना मार्केट, अशोक राजपथ, व्हाइट को गली में बिजली कटेगी एआरएमयू इंस्टॉल को लेकर 11KV इनर फीडर मछुआ टोली पावर सब स्टेशन सुबह 11 बजे से दोपहर 2 बजे बंद रहेगा। इस वजह से आर्य कुमार रोड, डीएन दास लेन, मछुआ टोली चौराहा, काजीपुर, धरहरा कोठी, खजांची रोड में बिजली आपूर्ति बाधित रहेगी। उतरी जक्कनपुर फीडर गर्दनीबाग पावर सब स्टेशन के अंतर्गत राजपूताना, योगिया टोली, यारपुर रोड नंबर-1, कहार टोली शिव मंदिर के इलाकों में सुबह 11 बजे से दोपहर 1 बजे तक बिजली कटेगी। इलाके की बिजली आपूर्ति रहेगी बंद। 11KV कृष्णा नगर फीडर हाईकोर्ट पावर सब स्टेशन से सुबह 7 बजे से 9 बजे तक बिजली की सप्लाई ठप रहेगी। जिसके कारण कृष्णा नगर कवि रमण पथ, नागेश्वर कॉलोनी, किदवईपुरी, चकारम में बिजली कटेगी। 11KV बीसी रोड ऊर्जा भवन पावर सब स्टेशन सुबह 10:30 बजे से 11:30 बजे तक बंद रहेगा। जिसके चलते बीसी रोड, बोरिंग रोड चौराहा, गोरखनाथ लेन के इलाकों में सप्लाई प्रभावित रहेगी। इसके अलावा 11KV राजीव नगर, इंद्रपुरी, पाटलीपुत्र कॉलेज का फीडर सुबह 11 बजे से दोपहर 2 बजे दिन बंद रहेगा। जिसके कारण पाटलीपुत्र कॉलोनी, इंद्रपुरी, राजीव नगर रोड नंबर-8 समेत अन्य इलाकों में बिजली कटेगी। 11KV घुरदौर फीडर के अंतर्गत सुबह 10 बजे से दोपहर 12 बजे तक राजीव नगर रोड नंबर13 के इलाकों में बिजली की सप्लाई बाधित रहेगी।",2024-08-02 17:03:34,https://images.bhaskarassets.com/thumb/1000x1000/web2images/521/2024/08/02/bijli-alert-1-1_1722618021.gif,bhaskar_hindi,0.02834806744162719,0,1,11,1,2
4,Newsdata,https://www.bhaskar.com/local/bihar/kaimur/news/high-speed-car-hits-e-rickshawpassenger-dies-133420296.html,"तेज रफ्तार कार ने ई-रिक्शा में मारी टक्कर...यात्री की मौत:कैमूर से यूपी जा रहे थे, इलाज के दौरान गई जान","कैमूर के रामगढ़ थाना क्षेत्र के देवहलिया रोड में गैस एजेंसी के पास खड़े ई-रिक्शा में कार ने जोरदार टक्कर मार दिया। जिससे ई-रिक्शा पलट गया, इस हादसे में कई यात्री घायल हो गए। जिसके बाद स्थानीय लोगों ने ई रिक्शा को खड़ा करते हुए सभी को बाहर निकाला जहां तीन लोग को हल्की चोट आई थी और एक व्यक्ति को गंभीर चोट थी। देवहलीया में घायल व्यक्ति का इलाज निजी अस्पताल में कराया गया। लेकिन जब स्थिति में कोई सुधार नहीं हुआ तो ई रिक्शा चालक उनको उपचार कराने के लिए रेफरल अस्पताल रामगढ़ लेकर आया। जहां प्राथमिक उपचार करने के बाद चिकित्सक ने जांच के बाद मृत घोषित कर दिया। ग्रामीणों द्वारा घटना की जानकारी रामगढ़ पुलिस को दी गई। रेफरल अस्पताल रामगढ़ पहुंची पुलिस शव का पंचनामा तैयार करते हुए परिजनों की उपस्थिति में पोस्टमार्टम करने के लिए सदर अस्पताल भभुआ भिजवा दिया। मृतक रामगढ़ थाना क्षेत्र के लरिया गांव के स्वर्गीय देऊ पासी के पुत्र बगेदू बहेरिया बताये जा रहे है। जो अपने बेटी के पास उत्तर प्रदेश जा रहे थे। इलाज के दौरान गई जान मृतक के पुत्र अवधेश पासी ने बताया कि मेरे पिता रामगढ़ से ई-रिक्शा पकड़कर अपनी बेटी के पास उत्तर प्रदेश के हरबलमपुर जा रहे थे । लेकिन देवरिया रोड में गैस एजेंसी के पास ई-रिक्शा में एक कार ने बैक करने के दौरान टक्कर मार दिया, जिससे ई रिक्शा पलट गया। जिसमें वो घायल हो गए, जिन्हें इलाज के लिए रेफरल अस्पताल रामगढ़ लाया। जहां उपचार के दौरान उनकी मौत हो गई। जांच में जुटी पुलिस रामगढ़ पुलिस ने बताया ई-रिक्शा पलटने से एक व्यक्ति का इलाज के दौरान मौत हो गई है। उपचार करने के लिए सदर अस्पताल भभुआ भेज दिया गया है । आगे की कार्रवाई की जा रही है।",2024-08-02 16:50:53,https://images.bhaskarassets.com/thumb/1000x1000/web2images/521/2024/08/02/2067cdb9-0120-4a9b-8230-50d15cfa26e3_1722606693634.jpg,bhaskar_hindi,0.02834806744162719,0,1,11,1,2
18,Newsdata,https://www.onmanorama.com/travel/travel-news/2024/08/29/passport-seva-kendra-services-suspended-maintenance-kochi.html,Passport services suspended for a few days for maintenance: Know more,The officials at the passport office said that the applicants who got an appointment on August 30 at the Passport Seva Kendras and post office passport seva kendra will get another appointment from September 2 onwards.,2024-08-29 05:45:36,https://img.onmanorama.com/content/dam/mm/en/travel/travel-news/images/2024/8/29/passport.jpg.transform/576x300/image.jpg,onmanorama,3.3599787848495258e-99,1,4,44,1,28
21,Newsdata,https://www.onmanorama.com/travel/travel-news/2024/08/30/vistara-aircraft-air-india-merger-airlines.html,"Vistara's aircraft, crew to move to Air India on Nov 12","From September 3, passengers wanting to book flights departing on or after November 12 through Vistara's website will progressively be redirected to Air India's site to complete the booking.",2024-08-30 08:40:15,https://img.onmanorama.com/content/dam/mm/en/travel/travel-news/images/2024/5/31/air-india.jpg.transform/576x300/image.jpg,onmanorama,6.740954976470602e-21,11,15,115,6,49
23,Newsdata,https://www.onmanorama.com/travel/travel-news/2024/09/01/tamil-nadu-vande-bharat-eight-services-delhi-chennai-nagercoil-madhura-bengaluru.html,Tamil Nadu's Vande Bharat trains: How is it helping tourism?,The state recently got its eighth Vande Bharat train.,2024-09-02 06:13:01,https://img.onmanorama.com/content/dam/mm/en/travel/travel-news/images/2024/9/1/vande-bharat-chennai.jpg.transform/576x300/image.jpg,onmanorama,1.9657266022719856e-10,8,17,113,7,26
5,Newsdata,https://www.bhaskar.com/local/bihar/begusarai/news/the-miscreants-shot-the-young-man-in-begusarai-133420281.html,"बेगूसराय में बदमाशों ने युवक को मारी गोली:DSP ने अपनी गाड़ी से पहुंचाया अस्पताल, प्रेम-प्रसंग में फायरिंग की चर्चा","बेगूसराय में बेखौफ बदमाशों ने एक युवक को गोली मार दिया है। घटना बखरी थाना क्षेत्र के एनपीएस सोनमा पूर्वी के समीप की है। घायल युवक की पहचान सोनमा निवासी मो. इलियास के पुत्र मुमताज (23) के रूप में किया गया है। गंभीर रूप से घायल युवक को अपनी गाड़ी से लेकर बखरी डीएसपी अस्पताल पहुंचे। जहां स्थिति गंभीर रहने के कारण रेफर कर सदर अस्पताल में भर्ती कराया गया है। घटना के संबंध में बताया जा रहा है कि मुमताज एनपीएस सोनमा पूर्वी के समीप खड़ा था। इस दौरान काफी तेज गति से उजला रंग के अपाची बाईक पर सवार तीन युवक आए और मुमताज के समीप रुकते ही उसके सीने में दो गोली मारकर प्राणपुर गुमटी की ओर भाग गए। प्रेम प्रसंग में फायरिंग की आशंका बाइक पर सवार तीनों बदमाश का मुंह ढ़का हुआ था। घटना के बाद घायल युवक को अस्पताल ले जाने के लिए लोग वाहन की खोज कर रहे थे। इसी दौरान बखरी डीएसपी कुंदन कुमार लोगों की भीड़ देखकर रुके और जानकारी ली। इसके बाद तुरंत घटना स्थल पर पहुंचकर घायल मुमताज को बाडी गार्ड की मदद से अपनी गाड़ी में लेकर इलाज के लिए प्राथमिक स्वास्थ्य केंद्र बखरी लाया।जहां स्थिति की गंभीरता को देखते हुए प्राथमिक उपचार बाद बेहतर ईलाज के लिए बेगूसराय भेजा गया, जहां स्थिति गंभीर बनी हुई है। घटना के कारणों का खुलासा नहीं हो सका है। लेकिन बताया जा रहा है कि मुमताज परदेस में मजदूरी करता है और कुछ दिन पहले ही वह गांव आया था। गांव में उसका किसी लड़की से प्रेम-प्रसंग चल रहा है। जिसका लड़की के परिजनों ने विरोध किया था। लेकिन मुमताज कुछ मानने को तैयार नहीं था और इसी को लेकर गोली मार कर हत्या करने का प्रयास किया गया है। डीएसपी कुंदन कुमार ने बताया कि क्षेत्र भ्रमण के दौरान सोनमा चौक के समीप से गुजर रहे थे। इसी बीच घटना की जानकारी मिली, घायल को ईलाज के लिए भेजा गया है। सभी पहलुओं पर घटना की जांच और अपराधियों की गिरफ्तारी के लिए छापेमारी की जा रही है।",2024-08-02 16:39:33,https://images.bhaskarassets.com/thumb/1000x1000/web2images/521/2024/08/02/1000551580_1722610801.jpg,bhaskar_hindi,0.02834806744162719,0,1,11,1,2
6,Newsdata,https://www.bhaskar.com/local/bihar/patna/news/one-accused-arrested-in-overhead-wire-theft-case-in-fatuha-133420278.html,"फतुहा में ओवरहेड तार चोरी मामले में आरोपी गिरफ्तार:29 पीस तांबे का तार बरामद, झाड़ी में छिपाकर रखा था","फतुहा आरपीएफ ने रेलवे ट्रैक के पास ओवरहेड तार चोरी मामले में एक आरोपी को गिरफ्तार किया है। आरोपी की निशानदेही पर झाड़ी से 29 पीस तांबे का तार बरामद हुआ है। गिरोह के अन्य सदस्यों की तलाश की जा रही है। आरपीएफ पोस्ट प्रभारी विनोद कुमार विश्वकर्मा ने इसकी पुष्टि की है। तार को झाड़ी में छिपाकर रखा था उन्होंने बताया कि गुरुवार को सूचना मिली थी कि रेलवे ट्रैक के पास झाड़ी में चोरी का तार छिपाकर रखा गया है। शुक्रवार को कुछ लोग छिपाए गए तार को ले जाने की फिराक में थे। इनपुट के आधार पर एक टीम को मौके पर लगाया गया। जैसे ही एक युवक तार निकालने पहुंचा, उसे गिरफ्तार कर लिया। पूछताछ के दौरान आरोपी ने बताया कि इस घटना में कुछ और लोग शामिल है। जिसकी गिरफ्तारी के लिए आरपीएफ की टीम छापेमारी कर रही है। जानिए क्या है पूरा मामला? 20 जुलाई को पटना-झाझा रेल खंड पर फतुहा स्टेशन के पास से बेखौफ चोरों ने रेल लाइन के ऊपर 39 मीटर ओवरहेड तार को बांस की मदद से काट लिया था। इस वजह से करीब 2 घंटे तक अप और डाउन लाइन पर ट्रेन की आवाजाही बाधित रही थी। हैरानी की बात है यह है कि 25 हजार वोल्‍ट का करंट प्रभावित हो रहा था, इसके बाद भी चोरों ने तार काट लिया था। कड़ी मशक्कत के बाद टेक्निकल टीम ने लाइन को ठीक किया। इस दौरान बंका घाट स्टेशन पर स्पेशल ट्रेन 2 घंटे तक रूकी रही। सुबह चार बजे के करीब अप और डाउन लाइन पर परिचालन शुरू हुआ।",2024-08-02 16:36:14,https://images.bhaskarassets.com/thumb/1000x1000/web2images/521/2024/08/02/comp-104_1722617093.gif,bhaskar_hindi,0.02834806744162719,0,1,11,1,2
7,Newsdata,https://www.bhaskar.com/local/bihar/gaya/news/wall-collapsed-due-to-rain-in-gaya-women-dies-133420272.html,"गया में बारिश की वजह से गिरी दीवार:दबने से बुजुर्ग महिला की गई जान, मलबे से बरामद हुआ शव","गया जिले के बुनियादगंज थाना क्षेत्र अंतर्गत मानपुर पटवा टोली औद्योगिक क्षेत्र के बैजनाथ सहाय लेन में कारखाने की दीवार गिरने से एक महिला की मौत हो गई। बताया जा रहा है कि प्रकाश कारखाने की दीवार शाम के वक्त भरभरा कर गिर गई। खास बात यह कि दीवार गिरने के बाद महिला को दबने की जानकारी मुहल्ले व महिला के परिजनों को नहीं थी। लेकिन जब दीवार गिरने की सूचना पर थाने की पुलिस घटनास्थल पर पहुंची और संकीर्ण गली से मलवे हटवाने लगी तो मलबे के अंदर से बुजुर्ग महिला का शव बरामद हुआ। मृतका की पहचान बैजनाथ सहाय लेन की रहने वाली 50 वर्षीय किरण देवी (पति अनिल कुमार सिन्हा) के रूप में की गई। पोस्टमार्टम के लिए भेजा शव इधर घटना की जानकारी पाते ही थाना अध्यक्ष पवन कुमार,अंचलाधिकारी सुबोध कुमार, एसआई पद्माकर उपाध्याय, पीएसआई पार्वती कुमारी, एसआई रामव्यास सिंह दलबल के साथ पहुंचे और शव को कब्जे में लेकर पोस्टमार्टम के लिए अनुग्रह नारायण मगध मेडिकल अस्पताल भेज दिया। पटवा टोली के अंदर छोटी बड़ी कई सूती वस्त्र निर्माण एवं उसके जुड़े अन्य काम के कल कारखाने हैं। इसमें प्रकाश कारखाना भी है। बताया जा रहा है कि कारखाने की बाउंड्री जर्जर हो चुकी थी जो बारिश के कारण गिर गई।",2024-08-02 16:33:38,https://images.bhaskarassets.com/thumb/1000x1000/web2images/521/2024/08/02/1000699037_1722609836.jpg,bhaskar_hindi,0.02834806744162719,0,1,11,1,2
8,Newsdata,https://www.bhaskar.com/local/bihar/darbhanga/news/one-arrested-in-robbery-case-in-darbhanga-133420268.html,"दरभंगा में लूट के मामले में एक आरोपी गिरफ्तार:लूटी गई फोन और बाइक बरामद, 18 जुलाई को हुई थी घटना","दरभंगा के बेनीपुर अनुमंडल के आशापुर कटवासा सड़क के कटवासा पुल के समीप गांव जा रहे बेनीपुर के एक कपड़ा व्यवसायी के साथ हुई लूट की घटना को बहेड़ा थाना पुलिस ने सफल उद्वेदन करते हुए एक लूटेरे को गिरफ्तार करने में सफलता प्राप्त की है। अनुमंडल आरक्षी पदाधिकारी के कार्यालय कक्ष में आयोजित प्रेस कॉन्फ्रेंस को संबोधित करते हुए डीएसपी आशुतोष कुमार ने बताया की गत 18 जुलाई को कटवासा पुल के समीप तीन अपराध कर्मियों द्वारा बेनीपुर के कपड़ा व्यवसायी अरविंद कुमार को घेरकर अग्नेयास्त्र के बल पर देर शाम मोटरसाइकिल एवं मोबाइल लूट ली थी। जारी है पुलिस की छापेमारी इसके संबंध में बहेड़ा थाना कांड संख्या 270 /24दर्ज कर अनुसंधान की जा रही थी ।इस क्रम में तकनीकी एवं मानवीय अनुसंधान के क्रम में कांड का सफल उद्वेदन कर लिया गया है और लूटी गई मोबाइल फोन एवं मोटरसाइकिल को बरामद करते हुए संलिप्त अपराधी रघुवीर पासवान पिता सिया पासवानस साकिन लोहनी, थाना बिरौल को गिरफ्तार कर लिया गया है ।एवं उनके निशानदेही पर दो अन्य अभियुक्तों के संभावित ठिकाने पर लगातार छापेमारी की जा रही है जल्द उन्हें भी गिरफ्तार कर सलाखों के पीछे भेज दिया जाएगा। इस कांड के सफल उद्वेदन में बहेड़ा थाना अध्यक्ष चंद्रकांत गौरी ,अनि बसंत कुमार, रंजीत कुमार ,जिला तकनीकी सेल एवं बहेड़ा थाना में प्रतिनियुक्त सशस्त्र पुलिस बल ने महती भूमिका निभाई है।",2024-08-02 16:30:45,https://images.bhaskarassets.com/thumb/1000x1000/web2images/521/2024/08/02/1000373399_1722608119.jpg,bhaskar_hindi,0.02834806744162719,0,1,11,1,2
19,Newsdata,https://www.onmanorama.com/travel/travel-news/2024/08/29/ernakulam-bengaluru-vande-bharat-cantonment-madurai.html,Was Ernakulam-Bengaluru Vande Bharat cancelled for Cantonment – Madurai VB?,The Ernakulam – Bengaluru Vande Bharat hasn’t resumed apparently to allow a platform for the new Cantonment – Madurai Vande Bharat.,2024-08-29 08:24:13,https://img.onmanorama.com/content/dam/mm/en/travel/travel-news/images/2023/9/20/second-vande-bharat-c.jpg.transform/576x300/image.jpg,onmanorama,3.99875476045712e-43,20,16,169,5,60
22,Newsdata,https://www.onmanorama.com/travel/travel-news/2024/08/30/nehru-trophy-boat-race-2024-new-date-kerala-tourism.html,Will Nehru Trophy Boat Race be held after Onam? Know more,The organisers and the boat clubs had spent hefty amounts for the preparations of the boat race that was originally scheduled to be held on August 10.,2024-08-30 06:39:41,https://img.onmanorama.com/content/dam/mm/en/travel/travel-news/images/2022/9/4/nehru-trophy-art-1.jpg.transform/576x300/image.jpg,onmanorama,2.604707150593367e-13,17,20,126,9,66
9,Newsdata,https://www.bhaskar.com/local/bihar/begusarai/news/police-solved-the-murder-case-in-begusarai-133420261.html,"अनिकेत हत्याकांड का बेगूसराय पुलिस ने किया खुलासा:गुरुवार को हुई थी हत्या, तीन गिरफ्तार, एक नाबालिग भी धराया","बछवाड़ा थाना क्षेत्र के विशनपुर दियारा में गुरुवार की शाम हुए अनिकेत कुमार उर्फ कारू की हत्या मामले का पुलिस ने उद्वेदन कर दिया है। इस मामले में तीन आरोपियों को गिरफ्तार किया गया है। जबकि एक नाबालिग को इस मामले में निरुद्ध किया गया है। आज बछवाड़ा थाना परिसर में आयोजित प्रेसवार्ता में यह जानकारी तेघड़ा डीएसपी डॉ. रविन्द्र मोहन प्रसाद ने दी। उन्होंने बताया कि विशनपुर दियारा निवासी अवधेश राय के पुत्र अनिकेत कुमार (12) की कल मारपीट करने के बाद हत्या कर दी गई थी। मारपीट कर हत्या करने के बाद अनिकेत उर्फ कारु की लाश रविन्द्र राय के घास के खेत में फेंक दिया गया था। सूचना मिलते ही तुरंत पुलिस की टीम पहुंची और लोगों को समझा-बुझाकर लाश को पोस्टमार्टम के लिए सदर अस्पताल भेजा गया। हत्या में अपनी संलिप्त स्वीकार कर ली इसके बाद पुलिस की टीम लगातार सूचना संकलन और अनुसंधान कर रही थी। इसके बाद विशनपुर निवासी भविच्छन राम के पुत्र जहुरी राम, जहुरी राम के पुत्र रवि राम एवं विनोद राम को गिरफ्तार किया गया। इसके साथ ही एक नाबालिग को निरुद्ध किया गया है। पूछताछ में इन लोगों ने हत्या में अपनी संलिप्त स्वीकार कर ली है। जहुरी राम एवं अवधेश राय का डेरा एक ही जगह है। दोनों के बीच जमीन को लेकर बराबर विवाद होते रहता था। इसी विवाद में कल जब अनिकेत उर्फ कारू स्कूल से आने के बाद डेरा पर गया तो इन लोगों ने मारपीट करने के बाद फांसी लगाकर हत्या कर दिया और लाश को एक खेत में फेंक दिया गया था। इसके बाद लोगों के आक्रोश की सूचना मिलते ही बछवाड़ा, तेघड़ा एवं आसपास के सभी थाना की पुलिस टीम घटनास्थल पर पहुंची। क्या बोली पुलिस डीएसपी ने बताया कि घटनास्थल पर उत्पन्न विधि व्यवस्था को दुरुस्त किया गया। घर में बंधक बने लोगों को निकाल कर थाना लाया था। इसके सूचना संकलन के आधार पर तीन को गिरफ्तार एवं एक को निरुद्ध किया गया है। घटना के अन्य पहलुओं पर अभी जांच-पड़ताल और अनुसंधान जारी है। प्रेस वार्ता में बछवाड़ा थानाध्यक्ष विवेक भारती सहित अन्य पुलिस पदाधिकारी उपस्थित थे।",2024-08-02 16:27:04,https://images.bhaskarassets.com/thumb/1000x1000/web2images/521/2024/08/02/1000551470_1722607941.jpg,bhaskar_hindi,0.02834806744162719,0,1,11,1,2
10,Newsdata,https://www.bhaskar.com/local/bihar/jamui/news/10-year-old-child-driving-tractor-recklesslyvideo-133420254.html,"10 साल का बच्चा धड़ल्ले से चला रहा ट्रैक्टर...वीडियो:जमुई में परिवहन अधिकारी ने जांच के बाद कार्रवाई का दिया आदेश, डेढ़ साल से वाहन चला रहा किशोर","जमुई जिले के खैरा थाना क्षेत्र के सोनेल गांव में एक दस साल का नाबालिग का धड़ल्ले से ट्रैक्टर चलाने का वीडियो सामने आया है। वीडियो सामने आने के बाद परिवहन अधिकारी ने जांच के बाद कार्रवाई की बात कही है। दरअसल,दस साल का सौरभ कुमार जो सोनैल गांव का रहने वाला है। वह फर्राटे के साथ ट्रैक्टर आगे-पीछे करते और तेज गति से चला रहा है। डेढ़ साल से चला रहा ट्रैक्टर सौरव ने बताया कि वह पिछले डेढ़ साल से ट्रैक्टर चला रहा है। ट्रैक्टर चलाना उसे गांव के ही एक युवक ने सिखाया है। वह पिछले डेढ़ साल से ट्रैक्टर चला रहा है।सौरभ नदी से जाकर ट्रैक्टर में बालू भरकर उसे अलग अलग गांवों में पहुंचता भी है। सौरभ ने बताया कि पढ़ने के लिए कभी कभी सरकारी स्कूल भी जाते है। सौरव अपने गांव में कम उम्र में ट्रैक्टर चलाने को लेकर फेमस है। बताते दे कि नाबालिगों के लिए गाड़ी चलाने को लेकर सख्त कानून हैं। मोटर वाहन अधिनियम के अनुसार, 18 साल से कम उम्र के व्यक्ति को गाड़ी चलाने की अनुमति नहीं है। अगर कोई नाबालिग गाड़ी चलाते हुए पकड़ा जाता है, तो उसके माता-पिता या अभिभावक के खिलाफ कानूनी कार्रवाई की जा सकती है। सौरभ का ट्रैक्टर चलाना न केवल कानून के विरुद्ध है बल्कि उसके और अन्य लोगों के लिए भी खतरनाक साबित हो सकता है। जांच के बाद होगी कार्रवाई जमुई जिला परिवहन पदाधिकारी मो. इरफान ने कहा कि उन्हें वीडियो की जानकारी मिली है। हम वीडियो की जांच करवा रहे हैं, अगर इसमें सत्यता पाई जायेगी तो मामले में एक्शन लिया जायेगा।",2024-08-02 16:23:16,https://images.bhaskarassets.com/thumb/1000x1000/web2images/521/2024/08/02/41ba8c58-f899-48f8-b304-165df4db715d_1722602021417.jpg,bhaskar_hindi,0.02834806744162719,0,1,11,1,2
11,Newsdata,https://www.prnewswire.com/apac/news-releases/lucky-lions-den-nft-presale-breaks-records-and-raises-500k-302227641.html,Lucky Lions Den NFT Presale Breaks Records and Raises $500K,"LONDON, Aug. 21, 2024 /PRNewswire/ -- The Lucky Lions Den (LLD) NFT project has achieved a monumental milestone, raising an impressive $500K during its recent presale. The event was marked by unprecedented demand, with the presale allocation selling out in record time, solidifying LLD's...",2024-08-21 15:23:00,https://mma.prnewswire.com/media/2486854/Lucky_Lions_Den.jpg?p=original,prnewswire_apac,1.577928235829148e-10,10,57,213,15,91
12,Newsdata,https://www.onmanorama.com/travel/travel-news/2024/08/23/southern-railwya-suggest-pushing-departure-bengaluru-ernakulam-vande-bharat-by-one-hour.html,Southern Railway suggests pushing departure time of Bengaluru-Ernakulam Vande Bharat by an hour,"If approved, the train will start from the Bengaluru Cantonment station at 6.30 am instead of 5.30 am.",2024-08-23 08:21:48,https://img.onmanorama.com/content/dam/mm/en/travel/travel-news/images/2024/7/29/vande-bharat.jpg.transform/576x300/image.jpg,onmanorama,2.0392006558515205e-41,8,9,75,3,45
13,Newsdata,https://www.onmanorama.com/travel/travel-news/2024/08/27/rebuild-wayanad-ksrtc-budget-tourism-darshan-trip.html,Rebuild Wayanad: KSRTC budget tourism cell resumes Wayanad Darshan trips from Kannur,"The KSRTC tourism service included Pookkode Lake and Banasura Sagar Dam, apart from other destinations opened in Wayanad.",2024-08-27 05:04:12,https://img.onmanorama.com/content/dam/mm/en/travel/travel-news/images/2024/5/28/ksrtc-bus.jpg.transform/576x300/image.jpg,onmanorama,1.4833977288981106e-15,10,18,173,11,70
14,Newsdata,https://www.onmanorama.com/travel/travel-news/2024/08/28/ernakulam-bengaluru-vande-bharat-special-service.html,Ernakulam – Bengaluru Vande Bharat special service: Will it be resumed?,"If the service isn’t resumed, then the crises will worsen in this route during the upcoming Onam season.",2024-08-28 04:58:21,https://img.onmanorama.com/content/dam/mm/en/travel/travel-news/images/2024/7/29/vande-bharat.jpg.transform/576x300/image.jpg,onmanorama,1.1781294907185647e-87,14,19,227,4,81
15,Newsdata,https://www.onmanorama.com/travel/travel-news/2024/08/28/pm-modi-to-flag-off-madurai-bengaluru-vande-bharat-express-soon-.html,"PM Modi to flag off Madurai-Bengaluru Vande Bharat Express soon: Timings, fare and more",The train will depart from Madurai at 5.15 am and reach Bengaluru Cantonment by 1 pm.,2024-08-28 11:47:10,https://img.onmanorama.com/content/dam/mm/en/travel/travel-news/images/2023/11/28/kottayam-station.jpg.transform/576x300/image.jpg,onmanorama,1.00946079210837e-20,0,7,63,4,20
16,Newsdata,https://www.onmanorama.com/travel/travel-news/2024/08/28/kochi-airport-cial-kerala-chief-minister-pinarayi-vijayan.html,Kochi airport to have India's largest Aero Lounge: Know more about facilities,The lounge can be accessed by both passengers and visitors alike.,2024-08-28 11:22:14,https://img.onmanorama.com/content/dam/mm/en/travel/travel-news/images/2024/8/28/aero-lounge.jpg.transform/576x300/image.jpg,onmanorama,1.6367933612453028e-06,5,27,110,10,37
17,Newsdata,https://www.onmanorama.com/travel/travel-news/2024/08/29/aranmula-vallasadya-onam-season-ksrtc-budget-trip.html,Want to enjoy Aranmula vallasadya and a cruise for Onam season? Book KSRTC trips,"The KSRTC has also arranged special trips to some of the tourist destinations in Wayanad, to support the district as its tourism sector is struggling after the deadly landslides.",2024-08-29 05:07:32,https://img.onmanorama.com/content/dam/mm/en/kerala/top-news/images/2023/11/4/ksrtc-kreupasanam-special-buses11.jpg.transform/576x300/image.jpg,onmanorama,1.6455160745640223e-15,11,16,100,6,46
20,Newsdata,https://www.onmanorama.com/travel/travel-news/2024/08/30/vande-bharat-ernakulam-bengaluru-service-rake-onam-passengers-anger.html,Malayalis struggle for Onam tickets as Ernakulam - Bengaluru Vande Bharat 'rests' in Kochi,The train was quite popular before its service was terminated on August 26.,2024-08-30 05:16:15,https://img.onmanorama.com/content/dam/mm/en/travel/travel-news/images/2024/8/30/vande-bharat-express.jpg.transform/576x300/image.jpg,onmanorama,3.820933428493531e-16,23,27,125,6,64
24,Newsdata,https://www.onmanorama.com/travel/travel-news/2024/09/01/onam-trains-kerala-bengaluru-malabar-services.html,Malabar demands special trains from Bengaluru during Onam season,"Last year, the special train announced on the day before Thiruvonam, from Bayyapanahalli terminal to Mangaluru via Salem, had run completely empty.",2024-09-02 06:11:01,https://img.onmanorama.com/content/dam/mm/en/travel/travel-news/images/2022/8/30/indian-train-kerala-art.jpg.transform/576x300/image.jpg,onmanorama,5.168275833060369e-105,21,27,230,3,73
25,Newsdata,https://www.prnewswire.com/apac/news-releases/discover-the-future-of-luxury-the-kayon-villas-tirta-gangga--an-opulent-eco-sanctuary-opening-q2-2026-302236295.html,"Discover the Future of Luxury: The Kayon Villas Tirta Gangga - An Opulent Eco Sanctuary, Opening Q2 2026","BALI, Indonesia, Sept. 3, 2024 /PRNewswire/ -- The Kayon Hotels & Resorts proudly announces the expansion of its esteemed portfolio with the upcoming launch of The Kayon Villas Tirta Gangga. Situated in the picturesque Ababi village in Karangasem, this eco-friendly resort is set to...",2024-09-03 01:38:00,https://mma.prnewswire.com/media/2493898/WhatsApp_Image_2024_08_30_at_08_42_48_1024x755.jpg?p=original,prnewswire_apac,1.015733908012263e-15,18,94,351,16,119
26,Newsdata,https://www.onmanorama.com/travel/celebrity-travel/2024/09/03/fahadh-faasil-nazriya-nazim-vacation-paris-eifel-tower.html,Fahadh and Nazriya on vacation in Paris: See pictures,"France is known for its mesmerizing natural beauty, rich historical and cultural heritage, and cosmopolitan cities.",2024-09-03 07:57:39,https://img.onmanorama.com/content/dam/mm/en/travel/celebrity-travel/images/2024/9/3/nazriya-fahadh.jpg.transform/576x300/image.jpg,onmanorama,2.328193615754283e-07,18,52,182,15,76
27,Newsdata,https://www.onmanorama.com/travel/travel-news/2024/09/03/vande-bharat-sleeper-facilities-model-night-service.html,"Vande Bharat Sleeper for night services: First model out, know more","The train, which can accelerate up to 160 kilometres per hour, boasts many modern luxuries.",2024-09-03 05:49:47,https://img.onmanorama.com/content/dam/mm/en/travel/travel-news/images/2024/9/3/vande-bharat.jpg.transform/576x300/image.jpg,onmanorama,8.398755684849859e-32,11,28,155,5,59
28,Newsdata,https://www.onmanorama.com/travel/travel-news/2024/09/03/onam-special-train-ernakulam-yelahanka-train-timings-details-reservation.html,Onam special train announced: Advance reservation begins; Know more,It will have 2 two AC tier coaches and nine AC three-tier coaches.,2024-09-03 11:30:58,https://img.onmanorama.com/content/dam/mm/en/travel/travel-news/images/2024/3/24/train-routes.jpg.transform/576x300/image.jpg,onmanorama,1.0410446768468037e-32,1,8,63,3,18
29,Newsdata,https://www.onmanorama.com/travel/travel-news/2024/09/03/nehru-trophy-boat-race-kerala-new-date-alappuzha-punnamada-details.html,"Nehru Trophy Boat Race to be held on September 28: Ticket booking, venue, facilities and more","Earlier, the government had cancelled this year's Champion's Boat League after the Wayanad landslides.",2024-09-03 12:15:25,https://img.onmanorama.com/content/dam/mm/en/kerala/top-news/images/2022/9/4/nehru-trophy-2.jpg.transform/576x300/image.jpg,onmanorama,1.369704349180392e-50,10,10,112,3,37
30,Newsdata,https://www.cnbctv18.com/travel/destinations/you-can-grab-flights-on-domestic-routes-starting-at-%E2%82%B9999-check-details-19478694.htm,You can grab flights on domestic routes starting at ₹999: Check details,"There will be special fares from carriers like Air India, British Airways, Lufthansa, Etihad for long-haul destinations such as London, Australia, Berlin and Paris. Airfares on domestic routes will be available at ₹999.",2024-09-18 15:01:39,https://images.cnbctv18.com/uploads/2023/12/air-india-airbus-a350-aircraft-new-brand-livery-7.jpg,cnbctv18,1.5496501186244669e-10,6,38,129,9,56
31,Newsdata,https://www.cnbctv18.com/travel/culture/travel-sector-can-contribute-immensely-to-gdp-at-par-with-countries-like-thailand-says-tourism-secy-19480183.htm,"Travel sector can contribute immensely to GDP, at par with countries like Thailand, says Tourism Secy","Additional Secretary, Ministry of Tourism said that India boasts of world-class heritage sites, but the visitor experience at these locations falls short of normal amenities. To address this, authorities must collaborate to enhance the overall experience of tourists.",2024-09-20 15:43:41,https://images.cnbctv18.com/uploads/2024/07/sarnath-madhya-pradesh-2024-07-52112b88875fbdaa04e01913ae9178d3.jpg,cnbctv18,1.546600914569464e-24,10,31,116,5,53
32,Newsdata,https://www.cnbctv18.com/world/7-year-old-boy-loki-skywalker-denied-uk-passport-disney-star-wars-copyright-19480033.htm,"There’s lots in a name, especially if you are called 'Loki Skywalker'","A British soldier, also a big 'Star Wars' fan, was informed that his family might have to forgo their vacation to the Dominican Republic after his seven-year-old son, Loki Skywalker Mowbray, was denied a passport due to Disney copyright concerns. How did the story end?",2024-09-20 15:36:49,https://images.cnbctv18.com/uploads/2022/09/2-33.jpg,cnbctv18,0.6204034684054696,14,28,152,23,88
33,Newsdata,https://www.onmanorama.com/travel/travel-news/2024/09/25/india-first-bullet-train-vande-bharat-bullet.html,India’s first bullet train and Vande Bharat bullet coaches: Where are they made?,The bullet train that can accelerate up to 250 – 280 kilometres per hour will be built on an estimated budget of Rs 200 – 250 crore.,2024-09-25 04:13:57,https://img.onmanorama.com/content/dam/mm/en/travel/outside-kerala/images/2023/11/17/bullet-train.jpg.transform/576x300/image.jpg,onmanorama,7.705590856147914e-26,11,24,133,6,67
34,Newsdata,https://www.cnbctv18.com/travel/dubai-influencer-soudi-al-nadak-usd-50-million-private-island-bikini-19483224.htm,Dubai influencer claims husband paid $50 million for private island so she can flaunt her bikini,"The video features the couple travelling via chartered jet to the island. It also shows the luxurious private retreat nestled in a rock face, surrounded by towering palm trees and a lagoon. “This has been his best investment yet,” she wrote, as the post quickly gained traction, amassing over 2.5 million views.",2024-09-26 14:28:11,https://images.cnbctv18.com/uploads/2024/09/dubai-influencer-private-island-2024-09-917aefbd1d6ab0e8736f71b0c7fc85a4.jpg,cnbctv18,0.969646798388789,13,24,83,20,56
35,Newsdata,https://www.onmanorama.com/travel/travel-news/2024/09/27/nehru-trophy-boat-race-day-traffic-facilities-arrangements.html,Nehru Trophy Boat Race today: Alappuzha reverberates with ‘vallamkali’ vibe; know details,"With just a few hours left for the regatta to begin, the district is all decked up and reverberates with the ‘vallamkali’ rhythms already. Here’s what you should know on the day:",2024-09-28 00:51:56,https://img.onmanorama.com/content/dam/mm/en/travel/travel-news/images/2022/7/9/nehru-trophy-boat-race-2018.jpg.transform/576x300/image.jpg,onmanorama,2.0596737810022343e-56,11,17,145,4,69
36,Newsdata,https://www.onmanorama.com/travel/travel-news/2024/09/28/nehru-trophy-boat-race-order-of-events.html,Nehru Trophy Boat Race: Order of events and timing,The races will begin at 11 am today.,2024-09-28 03:14:56,https://img.onmanorama.com/content/dam/mm/en/kerala/top-news/images/2022/9/4/nehru-trophy-2.jpg.transform/576x300/image.jpg,onmanorama,1.6243902024405746e-55,5,10,36,2,12
37,Newsdata,https://www.prnewswire.com/apac/news-releases/korean-air-celebrates-55-years-of-passenger-service-and-50-years-of-cargo-operations-to-hong-kong-302260856.html,Korean Air celebrates 55 years of passenger service and 50 years of cargo operations to Hong Kong,"HONG KONG, Oct. 2, 2024 /PRNewswire/ -- Korean Air is proud to mark two major milestones: 55 years of passenger service and 50 years of cargo operations to Hong Kong, underscoring its long-standing commitment to connecting Korea and Hong Kong. Korean Air's inaugural flight to Hong Kong...",2024-10-02 01:00:00,https://mma.prnewswire.com/media/2517322/Photo_1.jpg?p=original,prnewswire_apac,1.655662266363762e-14,10,41,175,8,60
38,Newsdata,https://www.prnewswire.com/apac/news-releases/philippine-online-gaming-sector-thrives-amid-pandemic-recovery-302264335.html,Philippine Online Gaming Sector Thrives Amid Pandemic Recovery,"MANILA, Philippines, Oct. 2, 2024 /PRNewswire/ -- As the global pandemic recedes, the Philippine online gaming sector is experiencing unprecedented growth, a recent study by 188BET has found. Shifts in consumer behavior, economic recovery, and a surge in mobile gaming have all fueled this...",2024-10-02 02:00:00,https://mma.prnewswire.com/media/2520800/Philippine_Online_Gaming_Sector.jpg?p=original,prnewswire_apac,1.7609554789987104e-43,15,51,186,4,86
39,Newsdata,https://www.cnbctv18.com/travel/destinations/pyramids-in-egypt-were-constructed-using-ingenious-hydraulic-lift-suggests-research-19486895.htm,"Pyramids in Egypt were constructed using ingenious hydraulic lift, suggests research","Experts have always believed that the Step Pyramid in Egypt was built using a series of ramps and levers. However, a latest study by Xavier Landreau from France’s CEA Paleotechnic Institute, indicates that Ancient Egyptians may have harnessed nearby canals to operate weight-bearing lifts.",2024-10-03 15:42:11,https://images.cnbctv18.com/uploads/2024/10/pyramid-egypt-2024-10-d1191eed614b1cd7b5348c25ef438af8.jpg,cnbctv18,6.051242600416984e-08,20,45,126,12,90
40,Newsdata,https://www.cnbctv18.com/travel/himachal-pradesh-tourism-get-a-major-boost-as-adb-approves-162-million-loan-19486941.htm,Himachal Pradesh tourism get a major boost as ADB approves $162 million loan,"Under a new initiative, the funds would be used to restore the historic Naggar Castle in Kullu, beautifying public spaces, and constructing a convention center along with other amenities in Kangra.",2024-10-04 06:33:12,https://images.cnbctv18.com/uploads/2023/12/hot-spring-himachal.jpg,cnbctv18,8.392666048434513e-67,5,24,118,2,42
41,Newsdata,https://www.onmanorama.com/travel/travel-news/2024/10/04/india-travel-advisory-middle-east-iran-israel.html,India's latest travel advisory among Iran-Israel tension: Highlights,"Many airlines are changing schedules, rerouting flights, and even cancelling services whenever necessary, prioritising safety.",2024-10-04 06:10:37,https://img.onmanorama.com/content/dam/mm/en/travel/travel-news/images/2024/7/13/flight.jpg.transform/576x300/image.jpg,onmanorama,6.81424725520589e-13,11,15,74,5,41
42,Newsdata,https://www.timesnownews.com/travel/news/travel-advisory-countries-you-should-avoid-visiting-right-now-article-113928874,Travel Advisory: Countries You Should Avoid Visiting Right Now,"Due to a combination of ongoing geopolitical tensions, natural disasters, and health concerns, there are several destinations that travellers should exercise caution or avoid entirely this week",2024-10-04 06:08:50,"https://static.tnn.in/thumb/msid-113929003,thumbsize-15876,width-1280,height-720,resizemode-75/113929003.jpg?quality=100",timesnownews,1.5544414085112846e-15,10,31,112,5,50
43,Newsdata,https://www.timesnownews.com/travel/news/nagalands-hornbill-festival-is-back-for-25th-edition-article-113928006,Nagaland’s Hornbill Festival Is Back For 25th Edition,"Hornbill Festival 2024: What started as a modest celebration in 2000 has now become the state's biggest festival, slated to celebrate its silver jubilee this year",2024-10-04 06:06:12,"https://static.tnn.in/thumb/msid-113928182,thumbsize-62212,width-1280,height-720,resizemode-75/113928182.jpg?quality=100",timesnownews,1.3681449173969273e-18,13,38,189,8,73
44,Newsdata,https://www.cnbctv18.com/travel/destinations/this-itinerary-is-for-solo-woman-travellers-who-wish-to-unwind-in-dubai-19487548.htm,This itinerary is for solo woman travellers who wish to unwind in Dubai,"Dubai is a tastefully planned city where solo travellers can explore and enjoy plenty of activities ranging from luxury shopping, night kayaking, zip-lining, skydiving, and much more; all these attractions are designed to refresh and rejuvenate your soul.",2024-10-04 14:35:31,https://images.cnbctv18.com/uploads/2024/05/dubai-museum-2024-05-119be1196998b4df7e5a246dff711b6f.jpg,cnbctv18,0.07640183590272263,17,80,255,35,123
45,Newsdata,https://www.timesnownews.com/travel/travelogues/10-essentials-for-your-travel-bag-that-emily-in-paris-will-approve-article-113968985,10 Essentials For Your Travel Bag That Emily In Paris Will Approve!,"If there's one thing we've learned from Emily in Paris, it's that style, spontaneity, and travel go hand in hand",2024-10-05 15:10:02,"https://static.tnn.in/thumb/msid-113969149,thumbsize-41554,width-1280,height-720,resizemode-75/113969149.jpg?quality=100",timesnownews,0.13834501436562324,36,106,294,56,151
46,Newsdata,https://www.timesnownews.com/travel/destinations/best-places-you-can-visit-in-koraput-odisha/photostory/114018303.cms,Odisha Travel Guide: 7 Best Places You Can Visit In Koraput,"Koraput, located in the picturesque Eastern Ghats of Odisha, is a hidden gem known for its lush greenery, rich tribal culture, and breathtaking landscapes. Whether you are a nature lover, history enthusiast, or cultural explorer, Koraput offers something for everyone. Here's a guide to the 7 best places you can visit in Koraput.",2024-10-07 14:25:07,"https://static.tnn.in/thumb/msid-114018303,imgsize-1838354,width-1280,height-720/114018303.jpg",timesnownews,1.6037039718559133e-06,4,16,39,3,17
47,Newsdata,https://www.onmanorama.com/travel/travel-news/2024/10/08/maldives-tourism-indians-payment-rupay-cards.html,Maldives wants more Indian visitors: Tourists will be able to pay with RuPay cards now on,Maldives depends on Indian tourists during the off-season.,2024-10-08 04:51:01,https://img.onmanorama.com/content/dam/mm/en/travel/outside-kerala/images/2022/9/15/maldives.jpg.transform/576x300/image.jpg,onmanorama,0.005459374393011591,15,21,91,11,31
48,Newsdata,https://www.prnewswire.com/apac/news-releases/cnn-explores-the-nightlife-trends-subcultures-and-culinary-delights-of-neon-lit-tokyo-by-night-302269659.html,"CNN explores the nightlife trends, subcultures, and culinary delights of neon-lit Tokyo 'By Night'","HONG KONG, Oct. 8, 2024 /PRNewswire/ -- As darkness descends upon the Japanese capital, discover a vibrant world that awakens after sunset through the eyes of three people navigating Tokyo's bustling nightlife in their own unique ways. With his signature pompadour and a style inspired by...",2024-10-08 06:06:00,https://mma.prnewswire.com/media/2525360/image_980943_16832164.jpg?p=original,prnewswire_apac,7.710937510230147e-08,17,59,194,12,58
49,Newsdata,https://www.timesnownews.com/travel/news/new-delhi-srinagar-vande-bharat-express-to-be-launched-in-2025-article-114035899,"Soon, A New Vande Bharat Train Will Take Travellers From New Delhi To Srinagar","The Vande Bharat Express will significantly cut down the journey time between New Delhi and Srinagar, providing a much faster and convenient alternative to existing modes of transportation",2024-10-08 05:56:37,"https://static.tnn.in/thumb/msid-114035819,thumbsize-1140407,width-1280,height-720,resizemode-75/114035819.jpg?quality=100",timesnownews,1.1078930188262133e-23,9,25,96,4,44
50,Newsdata,https://www.onmanorama.com/travel/travel-news/2024/10/09/kollam-ernakulam-memu-train-more-coaches.html,Passengers demand more coaches for Kollam - Ernakulam MEMU and additional services,The eight-coached MEMU can accommodate up to 800 passengers.,2024-10-09 04:24:00,https://img.onmanorama.com/content/dam/mm/en/kerala/top-news/images/2023/6/18/memu-train-c.jpg.transform/576x300/image.jpg,onmanorama,2.040956385155869e-28,20,29,96,4,69
51,Newsdata,https://www.prnewswire.com/apac/news-releases/tribute-portfolio-debuts-in-korea-with-the-opening-of-the-link-seoul-in-sindorim-302271003.html,TRIBUTE PORTFOLIO DEBUTS IN KOREA WITH THE OPENING OF THE LINK SEOUL IN SINDORIM,"The Link Seoul, A Tribute Portfolio Hotel Brings Vibrant Social Spaces, Captivating Design, and Uniquely Remarkable Character to Sindorim District, Seoul SEOUL, South Korea, Oct. 9, 2024 /PRNewswire/ -- Tribute Portfolio, part of Marriott Bonvoy's global portfolio of over 30 extraordinary...",2024-10-09 05:00:00,https://mma.prnewswire.com/media/2525256/The_Link_Seoul__a_Tribute_Portfolio_Hotel_Junior_Suite_King.jpg?p=original,prnewswire_apac,3.5472101322483247e-13,22,121,408,19,114
52,Newsdata,https://www.prnewswire.com/apac/news-releases/delegation-of-international-communication-experts-and-foreign-media-outlets-visits-emerging-industry-enterprises-in-zhongshan-guangdong-province-302273235.html,"Delegation of International Communication Experts and Foreign Media Outlets Visits Emerging Industry Enterprises in Zhongshan, Guangdong Province","BEIJING, Oct. 11, 2024 /PRNewswire/ -- On October 9, 2024, the delegation of international communication experts and foreign media outlets, themed ""The World Comes to Zhongshan"" and organized by the CICG Academy of Translation and Interpretation, visited several representative enterprises...",2024-10-10 17:07:00,https://mma.prnewswire.com/media/2528027/CICG.jpg?p=publish,prnewswire_apac,5.7156178961566865e-33,10,56,185,4,65
53,Newsdata,https://www.timesnownews.com/travel/destinations/best-spice-plantations-in-kerala-that-you-should-visit-at-least-once-article-114084381,Best Spice Plantations In Kerala That You Should Visit At Least Once,"The history of spice cultivation in Kerala is closely linked to its role as a key trading hub, attracting merchants from Arabia, Europe, and China. When in Kerala, make sure you visit at least one of these spice plantations.",2024-10-11 04:30:00,"https://static.tnn.in/thumb/msid-114084580,thumbsize-92992,width-1280,height-720,resizemode-75/114084580.jpg?quality=100",timesnownews,0.0034245948711976414,8,26,132,15,45
54,Newsdata,https://www.timesnownews.com/travel/destinations/bird-sanctuaries-for-photographers-to-capture-indias-migration-season/photostory/114125193.cms,8 Bird Sanctuaries For Photographers To Capture India's Migration Season,"India is a paradise for bird lovers and photographers, especially during the migration season. Every year, thousands of migratory birds flock to the country’s wetlands, forests, and grasslands, offering incredible opportunities for nature photographers. From flamingos and cranes to ducks and storks, India's bird sanctuaries are teeming with vibrant species during this time, creating spectacular scenes. Here are 8 bird sanctuaries where photographers can capture the magic of India’s migration season.",2024-10-12 14:30:00,"https://static.tnn.in/thumb/msid-114125193,imgsize-1166681,width-1280,height-720/114125193.jpg",timesnownews,8.06172539148447e-06,5,21,44,2,19
55,Newsdata,https://www.prnewswire.com/apac/news-releases/amex-trendex-singaporeans-plan-to-spend-the-most-on-travel-this-holiday-season-302275833.html,Amex Trendex: Singaporeans plan to spend the most on travel this holiday season,"SINGAPORE, Oct. 15, 2024 /PRNewswire/ -- According to American Express' Trendex, Singaporean travellers plan to spend the most on travel this holiday season out of the 13 geographies polled. This Trendex studies consumers' travel trends for the upcoming holiday season between November...",2024-10-15 04:00:00,https://mma.prnewswire.com/media/2530040/Amex_Logo.jpg?p=original,prnewswire_apac,8.523167181332913e-18,17,44,246,12,77
56,Newsdata,https://www.timesnownews.com/travel/news/a-new-hyperjet-could-fly-travellers-from-london-to-new-york-in-one-hour-article-114227472,A New Hyperjet Could Fly Travellers From London To New York In One Hour!,"A Texas-based company is making an engine that could let aircrafts fly at the speed of 3,600mph",2024-10-15 03:51:00,"https://static.tnn.in/thumb/msid-114227471,thumbsize-13944,width-1280,height-720,resizemode-75/114227471.jpg?quality=100",timesnownews,3.230024761981477e-37,11,21,90,3,52
57,Newsdata,https://www.timesnownews.com/travel/destinations/best-hill-stations-in-south-india-you-can-explorethisnovember/photostory/114254655.cms,8 Best Hill Stations In South India You Can Explore This November,"As November approaches, the weather in South India begins to cool, making it an ideal time to escape to the hills. The lush greenery, serene landscapes, and pleasant climate of the hill stations offer a perfect retreat from the hustle and bustle of city life. Here’s a guide to eight of the best hill stations in South India that you can explore this November.",2024-10-15 14:30:00,"https://static.tnn.in/thumb/msid-114254655,imgsize-1777913,width-1280,height-720/114254655.jpg",timesnownews,3.104887914457397e-06,1,13,40,4,15
58,Newsdata,https://www.timesnownews.com/travel/travelogues/best-affordable-gifts-for-diwali-for-travellers-article-114378779,From Backpacks To Skincare: The Perfect Diwali Gifts For Your Travel-Loving Family & Friends,"Celebrate Diwali with the perfect travel companions: bags, gadgets, shoes, accessories, and more",2024-10-19 15:19:03,"https://static.tnn.in/thumb/msid-114379189,thumbsize-54106,width-1280,height-720,resizemode-75/114379189.jpg?quality=100",timesnownews,0.000127766121326444,33,148,518,60,192
59,Newsdata,https://www.onmanorama.com/travel/travel-news/2024/10/21/namo-bharat-trains-for-kerala-tourism.html,10 Namo Bharat trains for Kerala: Here's how tourists will benefit,Namo Bharat trains are the Vande Bharat metro services.,2024-10-21 04:59:05,https://img.onmanorama.com/content/dam/mm/en/travel/travel-news/images/2024/10/21/namo-bharat-trains.jpg.transform/576x300/image.jpg,onmanorama,4.566591138584332e-31,19,27,179,7,84
60,Newsdata,https://www.prnewswire.com/apac/news-releases/keenon-robotics-and-truly-robotics-showcase-new-cleaning-products-at-food--hotel-asia-horeca-singapore-2024-pioneering-intelligent-services-302283925.html,"KEENON Robotics and Truly Robotics Showcase New Cleaning Products at Food & Hotel Asia-HoReCa Singapore 2024, Pioneering Intelligent Services","SINGAPORE, Oct. 23, 2024 /PRNewswire/ -- KEENON Robotics, a global leader in service robotics, showcased its latest innovations alongside partner, Truly Robotics, at Food & Hotel Asia-HoReCa Singapore 2024, Asia's premier food and hospitality exhibition. Together, they unveiled KEENON's...",2024-10-23 03:00:00,https://mma.prnewswire.com/media/2537938/image_1.jpg?p=original,prnewswire_apac,2.5017602732729125e-08,15,64,230,18,85
61,Newsdata,https://www.onmanorama.com/travel/travel-news/2024/10/23/cyclone-dana-airports-shut-trains-cancelled-details.html,"Cyclone Dana: Airports may be shut, more than 200 trains cancelled; Help desk numbers",The Cyclone is expected to cross Odisha and West Bengal on Friday.,2024-10-23 07:09:15,https://img.onmanorama.com/content/dam/mm/en/travel/travel-news/images/2022/8/30/indian-train-kerala-art.jpg.transform/576x300/image.jpg,onmanorama,2.7741654983013625e-90,13,13,111,2,50
62,Newsdata,https://www.cnbctv18.com/travel/cyclone-dana-leads-to-266-train-cancellations-details-inside-19497440.htm,Cyclone Dana leads to nearly 350 train cancellations: Details inside,The South Eastern Railway also cancelled several express and passenger trains.,2024-10-23 08:41:39,https://images.cnbctv18.com/uploads/2022/09/Indian_Railways1.jpg,cnbctv18,4.66713585064107e-128,5,33,197,2,51
63,Newsdata,https://www.cnbctv18.com/travel/destinations/vfs-global-to-provide-e-visa-on-arrival-service-to-travellers-from-india-and-96-countries-in-indonesia-19497866.htm,VFS Global to provide e-Visa on arrival service to travellers from India and 96 countries in Indonesia,,2024-10-23 14:01:04,https://images.cnbctv18.com/uploads/2024/06/beach-sunset-mandarmani-2024-06-57833d2f51aecd36416946efa355d606.jpg,cnbctv18,8.064372035071566e-13,4,20,108,6,41
64,Newsdata,https://www.onmanorama.com/travel/travel-news/2024/10/25/cyclone-dana-bhubaneswar-kolkata-airports-resume-operations-trains-cancelled.html,"Cyclone Dana: Bhubaneswar, Kolkata airports resume operations; list of cancelled trains",Help desks are also set up at railway stations to guide passengers regarding cancellations connected to the cyclone.,2024-10-25 04:48:36,https://img.onmanorama.com/content/dam/mm/en/travel/travel-news/images/2024/10/25/cyclone-dana-help-desk.jpg.transform/576x300/image.jpg,onmanorama,1.622848151564853e-67,7,10,92,2,39
65,Newsdata,https://www.timesnownews.com/travel/destinations/have-you-heard-about-the-garh-ganesh-temple-perched-on-a-hill-in-jaipur-article-114213930,"Have You Heard About The Garh Ganesh Temple, Perched On A Hill In Jaipur?","Unlike most temples of Lord Ganesh, where he is depicted with an elephant head, this temple bears his idol in the form of a child called Purushakriti",2024-10-25 03:41:00,"https://static.tnn.in/thumb/msid-114214564,thumbsize-71310,width-1280,height-720,resizemode-75/114214564.jpg?quality=100",timesnownews,0.0002041649104540979,22,44,161,16,67
66,Newsdata,https://www.prnewswire.com/apac/news-releases/goa-tourism-participates-at-itb-asia-2024-showcasing-its-rich-culture-and-heritage-302286331.html,Goa Tourism participates at ITB Asia 2024 showcasing its rich culture and heritage,"SINGAPORE, Oct. 25, 2024 /PRNewswire/ -- ITB ASIA 2024 - One of the leading travel trade shows in Asia, is currently taking place in Singapore from 23rd to 25th October 2024. The Goa Tourism pavilion on Day 1 of ITB Asia 2024 was abuzz with activity. Goa Tourism delegation was represented...",2024-10-25 01:00:00,https://mma.prnewswire.com/media/2539788/Goa_Tourism_ITB_Asia_2024.jpg?p=publish,prnewswire_apac,2.847052011422631e-47,8,32,176,3,51
67,Newsdata,https://www.timesnownews.com/travel/destinations/this-abandoned-village-in-india-is-believed-to-be-cursed-article-114312402,This Abandoned Village In Rajasthan Is Believed To Be Cursed,"Over 200 years ago, thousands of villagers in Kuldhara left it in the middle of the night, leaving behind an eerie-like silence that still haunts travellers",2024-10-26 04:37:00,"https://static.tnn.in/thumb/msid-114312353,thumbsize-273360,width-1280,height-720,resizemode-75/114312353.jpg?quality=100",timesnownews,0.12432970007246111,20,33,154,23,85
68,Newsdata,https://www.onmanorama.com/travel/travel-news/2024/10/26/vande-bharat-german-tourists-compliment-service-kerala.html,Vande Bharat: German tourists travelling in Kerala compliment service; here's what they felt,Foreign tourists book tickets through the 'Foreign Tourist Quota' on the IRCTC website.,2024-10-26 01:43:55,https://img.onmanorama.com/content/dam/mm/en/travel/travel-news/images/2023/9/20/second-vande-bharat-c.jpg.transform/576x300/image.jpg,onmanorama,0.4900709575824572,13,12,67,10,40
69,Newsdata,https://www.timesnownews.com/travel/destinations/national-parks-to-explore-with-your-kids-this-diwali-vacation/photostory/114655066.cms,8 National Parks to Explore with Your Kids This Diwali Vacation,"Visiting national parks with kids during the Diwali vacation is a fun way to spend quality time with family while enjoying India’s amazing wildlife and beautiful landscapes. Here’s a guide to eight national parks that are perfect for families seeking adventure, nature, and learning experiences. Each park has its own unique ecosystem, chances to see animals, and activities that will keep children engaged in the wonders of nature.",2024-10-27 14:30:00,"https://static.tnn.in/thumb/msid-114655066,imgsize-1911294,width-1280,height-720/114655066.jpg",timesnownews,0.00010005207275692148,5,16,45,5,24
70,Newsdata,https://www.timesnownews.com/travel/destinations/your-safari-guide-to-exploring-the-wonders-of-the-great-himalayan-national-park-article-114426354,Your Safari Guide To Exploring The Wonders of The Great Himalayan National Park,"Located in Himachal Pradesh, this park is one of the most lesser-known additions to India’s burgeoning portfolio of national parks and sanctuaries",2024-10-27 09:41:00,"https://static.tnn.in/thumb/msid-114426354,imgsize-196194,width-1280,height-720/114426354.jpg",timesnownews,0.004187491557737603,18,36,179,20,71
71,Newsdata,https://www.onmanorama.com/travel/celebrity-travel/2024/10/26/diljit-dosanjh-dil-luminati-concert-delhi-traffic-advisory-venues-timings.html,"Diljit Dosanjh's Dil-Luminati concert in Delhi: Traffic advisory, venues, timings and booking details","He will head next to Jaipur for a show on November 3 at JECC, managed by Accor, in Sitapura.",2024-10-26 09:30:23,https://img.onmanorama.com/content/dam/mm/en/travel/celebrity-travel/images/2024/10/26/diljit-dosanjh-dilluminati-delhi-concert.jpg.transform/576x300/image.jpg,onmanorama,3.4110142312289623e-09,12,11,101,7,41
72,Newsdata,https://www.timesnownews.com/travel/news/tamil-nadu-unveils-40-new-trekking-destinations-in-14-districts-know-details-article-114684793,Tamil Nadu Unveils 40 New Trekking Destinations In 14 Districts; Know Details,"The new initiative ""Trek Tamil Nadu"" is focussed on enhancing nature conservation, supporting local communities, and bolstering efforts in forest and wildlife protection.",2024-10-28 12:30:00,"https://static.tnn.in/thumb/msid-114685461,thumbsize-135306,width-1280,height-720,resizemode-75/114685461.jpg?quality=100",timesnownews,0.010103983885046236,11,38,127,15,64
73,Newsdata,https://www.timesnownews.com/travel/destinations/jim-corbett-national-park-safari-zones-and-ticket-prices-article-114689422,A Complete Guide To Winter Safaris At Jim Corbett National Park,"Nestled in the foothills of the Himalayas, this park is certainly the most famous in India, and for all the right reasons. November and December are prime months to visit, offering pleasant weather and excellent chances of spotting the elusive big cat",2024-10-28 10:12:49,"https://static.tnn.in/thumb/msid-114689487,thumbsize-123762,width-1280,height-720,resizemode-75/114689487.jpg?quality=100",timesnownews,1.9947458982615205e-07,27,61,249,20,76
74,Newsdata,https://www.timesnownews.com/travel/news/irctc-andaman-tour-visit-andaman-in-under-inr-60k-with-this-irctc-tour-article-114684099,"This Winter, Explore Andaman In Under INR 60K With This IRCTC Tour","This tour will take you to Port Blair, Havelock Island and Neil Island for a week of family fun",2024-10-28 08:41:00,"https://static.tnn.in/thumb/msid-114684257,thumbsize-100610,width-1280,height-720,resizemode-75/114684257.jpg?quality=100",timesnownews,3.0481512722302263e-16,11,46,220,10,36
75,Newsdata,https://www.timesnownews.com/travel/news/fact-check-can-you-use-your-new-iphone-16-in-bali-indonesia-article-114679981,Fact Check: Can You Use Your New iPhone 16 In Indonesia?,Indonesia has banned the iPhone 16 in the country due to Apple's failure to meet investment commitments and regulatory requirements,2024-10-28 06:30:00,"https://static.tnn.in/thumb/msid-114679965,thumbsize-1869094,width-1280,height-720,resizemode-75/114679965.jpg?quality=100",timesnownews,4.979325207128707e-10,16,20,102,10,69
76,Newsdata,https://www.timesnownews.com/travel/destinations/countries-in-the-world-that-do-not-have-airports/photostory/114732251.cms,5 Countries In The World That Do Not Have Airports,"While most countries boast extensive air travel networks, a handful remain without airports. These unique nations rely on alternative forms of transportation and are often characterised by their small size, geography, or political circumstances. Here’s a look at five countries that do not have airports Andorra, Monaco, Liechtenstein, San Marino, and Nauru.",2024-10-29 14:30:00,"https://static.tnn.in/thumb/msid-114732251,imgsize-2183799,width-1280,height-720/114732251.jpg",timesnownews,2.2030923764430173e-06,8,22,55,4,25
77,Newsdata,https://www.timesnownews.com/travel/news/kashmir-hosts-its-first-ever-all-women-boat-race-on-dal-lake-to-promote-gender-equality-article-114723426,Kashmir Hosts Its First Ever All Women Boat Race On Dal Lake To Promote Gender Equality,Social media is full of images from the event. The race is being seen way more than just a sports event - it served as a platform to identify and nurture new talent.,2024-10-29 09:30:00,"https://static.tnn.in/thumb/msid-114723426,imgsize-55354,width-1280,height-720/114723426.jpg",timesnownews,9.143598998030069e-05,7,38,117,13,50
78,Newsdata,https://www.onmanorama.com/travel/travel-news/2024/10/29/pune-new-vande-bharat-trains-tourist.html,Pune's new Vande Bharat trains: How will they benefit tourists?,"According to reports, each train will be in service three days a week: Wednesdays, Fridays, and Sundays.",2024-10-29 05:59:19,https://img.onmanorama.com/content/dam/mm/en/travel/travel-news/images/2024/7/29/vande-bharat.jpg.transform/576x300/image.jpg,onmanorama,1.7170027943059584e-17,8,23,111,5,30
79,Newsdata,https://www.timesnownews.com/travel/news/diljit-dosanjhs-dil-luminati-tour-drives-surge-in-flight-fares-by-almost-50-boost-visa-applications-by-10-as-gig-tourism-soars-in-india-article-114682672,"Diljit Dosanjh’s Dil-Luminati Tour Drives Surge In Flight Fares By Almost 50%, Boost Visa Applications By 10% As Gig Tourism Soars In India","Diljit Dosanjh’s Delhi concert highlighted a travel trend where fans journey for unique experiences, blending music and tourism. High demand surged ticket prices, showing a shift toward experiential travel over sightseeing.",2024-10-29 03:30:00,"https://static.tnn.in/thumb/msid-114682672,imgsize-1552343,width-1280,height-720/114682672.jpg",timesnownews,0.02409592104110264,54,69,284,38,149
80,Newsdata,https://www.timesnownews.com/travel/destinations/most-unexplored-countries-in-theworld/photostory/114778781.cms,10 Most Unexplored Countries In The World,"While many countries attract millions of tourists each year, several remain relatively untouched by the travel bug. These unexplored destinations offer unique cultures, landscapes, and experiences for adventurous travellers. Here are ten of the most unexplored countries in the world that are worth discovering.",2024-10-30 14:30:00,"https://static.tnn.in/thumb/msid-114778781,imgsize-2145250,width-1280,height-720/114778781.jpg",timesnownews,1.3375147303013154e-06,2,21,45,5,17
81,Newsdata,https://www.timesnownews.com/travel/news/thailand-multiple-airports-introduce-new-biometric-check-in-to-make-travel-convenient-details-inside-article-114763236,Thailand: Multiple Airports Introduce New Biometric Check-In To Make Travel Convenient; Details Inside,"As of now, the biometric technology has only been implemented at six major airports and it covers key travel hubs across Thailand. Know details here.",2024-10-30 10:30:00,"https://static.tnn.in/thumb/msid-114763200,thumbsize-84948,width-1280,height-720,resizemode-75/114763200.jpg?quality=100",timesnownews,9.582622967887862e-05,10,24,104,11,47
82,Newsdata,https://www.onmanorama.com/travel/travel-news/2024/10/30/free-travel-for-passengers-above-70.html,Free travel mooted for passengers aged 70-plus in KSRTC buses in Tvm city,The scheme is part of a plan to turn Thiruvananthapuram into an elderly-friendly city.,2024-10-30 09:50:18,https://img.onmanorama.com/content/dam/mm/en/travel/travel-news/images/2024/6/29/ksrtc-bus-facilities.jpg.transform/576x300/image.jpg,onmanorama,5.549919043728477e-26,3,11,64,3,32
83,Newsdata,https://www.onmanorama.com/travel/travel-news/2024/10/30/uk-travel-advisory-18-countries-details.html,UK travel advisory for 18 countries: What if you can't avoid travel?,Ensure you regularly check foreign offices' travel advice pages to be aware of potential threats.,2024-10-30 06:52:21,https://img.onmanorama.com/content/dam/mm/en/travel/travel-news/images/2024/7/13/flight.jpg.transform/576x300/image.jpg,onmanorama,3.613750171404358e-05,15,34,107,10,44
84,Newsdata,https://www.timesnownews.com/travel/travelogues/kukur-tihar-in-nepal-the-sweetest-diwali-tradition-celebrates-dogs-article-114737312,"Kukur Tihar: In Nepal, The Sweetest Diwali Tradition Celebrates Dogs!","If you’re in Nepal for Diwali, make sure to greet the streeties with love on Kukur Tihar",2024-10-30 05:31:00,"https://static.tnn.in/thumb/msid-114737312,imgsize-82466,width-1280,height-720/114737312.jpg",timesnownews,6.984829090419305e-07,14,26,150,13,67
85,Newsdata,https://www.timesnownews.com/travel/destinations/best-winter-stargazing-spots-in-india-article-114727061,Winter Vacation: Take Your Kids Stargazing At These Incredible Cities Across India,These stargazing destinations across India will leave you mesmerised by the night sky,2024-10-30 03:41:00,"https://static.tnn.in/thumb/msid-114727269,thumbsize-226196,width-1280,height-720,resizemode-75/114727269.jpg?quality=100",timesnownews,1.1755521564670599e-08,16,68,195,14,62
86,Newsdata,https://www.onmanorama.com/travel/travel-news/2024/10/31/kerala-additional-vande-bharat-rakes-trains.html,Kerala to get more Vande Bharat rakes: How will they be used?,There is also an increased demand to introduce a Vande Bharat sleeper train on the Mangaluru - Thiruvananthapuram route.,2024-10-31 09:32:17,https://img.onmanorama.com/content/dam/mm/en/kerala/top-news/images/2023/4/25/vande-bharat-interior4.jpg.transform/576x300/image.jpg,onmanorama,1.7126038988606694e-15,14,10,74,5,39
87,Newsdata,https://www.onmanorama.com/travel/travel-news/2024/10/31/dont-take-these-items-on-train.html,Planning a train trip? Don't carry these items,"Diwali falls on Thursday this year, so if you take a leave of absence on Friday, you could enjoy a long weekend.",2024-10-31 08:37:17,https://img.onmanorama.com/content/dam/mm/en/travel/travel-news/images/2022/8/30/indian-train-kerala-art.jpg.transform/576x300/image.jpg,onmanorama,5.146309082197837e-13,15,22,76,4,48
88,Newsdata,https://www.onmanorama.com/travel/travel-news/2024/10/31/australia-work-and-holiday-visa-benefits-eligibility-last-date.html,"Australia's 'Work and Holiday' visa: Benefits, eligibility and application details; apply soon","The visa permits a one-year stay, with the possibility of an extension for an additional year, enabling travellers to enjoy up to three years in this diverse and vibrant country.",2024-10-31 07:02:17,https://img.onmanorama.com/content/dam/mm/en/career-and-campus/top-news/images/2024/5/10/australia-visa.jpg.transform/576x300/image.jpg,onmanorama,5.414747058056319e-19,14,31,119,6,66
89,Newsdata,https://www.timesnownews.com/travel/news/saudi-arabias-mega-city-is-the-first-luxury-tourism-destination-on-red-sea-and-it-is-now-open-to-tourists-article-114763807,Saudi Arabia's Mega-city Is The First Luxury Tourism Destination On Red Sea And It Is Now Open To Tourists,"Neom, Saudi Arabia's first ever mega city has announced its opening. The destination will be the first ever luxury tourism spot on Red Sea.",2024-10-31 05:41:00,"https://static.tnn.in/thumb/msid-114763823,thumbsize-79166,width-1280,height-720,resizemode-75/114763823.jpg?quality=100",timesnownews,4.1989204367749375e-05,9,26,103,11,47
90,Newsdata,https://www.timesnownews.com/travel/destinations/this-luxury-wellness-retreat-in-bengaluru-just-welcomed-king-charles-queen-camilla-for-a-rejuvenation-break-article-114771247,"This Luxury Wellness Retreat In Bengaluru Just Welcomed King Charles, Queen Camilla For A 'Rejuvenation' Break",The royal couple spent four days at the Soukya International Holistic Health Centre (SIHC) in Bengaluru,2024-10-31 03:41:00,"https://static.tnn.in/thumb/msid-114771371,thumbsize-148124,width-1280,height-720,resizemode-75/114771371.jpg?quality=100",timesnownews,1.8682801070771038e-19,10,37,151,6,43
91,Newsdata,https://www.timesnownews.com/travel/destinations/most-beautiful-flower-fields-around-the-world/photostory/114852458.cms,8 Most Beautiful Flower Fields Around The World,"Visiting a colourful flower field is a magical experience, where you can see rows of beautiful blooms reaching out to the horizon. Exploring these fields can be truly life-changing, which is why they are among the most popular natural attractions worldwide. Here’s a look at eight of the most stunning flower fields that inspire travelers from all over the world.",2024-11-01 14:30:00,"https://static.tnn.in/thumb/msid-114852458,imgsize-2114065,width-1280,height-720/114852458.jpg",timesnownews,1.4175318354090244e-16,4,11,47,2,16
92,Newsdata,https://www.timesnownews.com/travel/destinations/missed-going-to-valley-of-flowers-6-other-valleys-you-can-explore-in-india-during-winters-article-114842278,Missed Going To The Valley of Flowers? 6 Other Valleys You Can Explore In India During Winters,"Due to the onset of winter and snowfall, the stunning Valley of Flowers has been closed to visitors from 31st October",2024-11-01 12:31:00,"https://static.tnn.in/thumb/msid-114842286,thumbsize-192304,width-1280,height-720,resizemode-75/114842286.jpg?quality=100",timesnownews,3.5486873479632378e-09,18,51,208,15,64
93,Newsdata,https://www.onmanorama.com/travel/travel-news/2024/11/01/red-sea-crisis-cruise-vessels-cancels-docking-kochi.html,"Red Sea crisis: Cruise vessels cancel docking at Kochi, causing severe loss","From auto–taxi services and the handicrafts industry to resort tourism and restaurants, almost all sectors earn great income from cruise tourism.",2024-11-01 07:03:18,https://img.onmanorama.com/content/dam/mm/en/travel/travel-news/images/2024/3/29/cruice.jpg.transform/576x300/image.jpg,onmanorama,1.1308899111567251e-22,13,27,107,4,44
94,Newsdata,https://www.onmanorama.com/travel/travel-news/2024/11/01/how-to-book-cheap-flight-tickets-tricks-tips.html,Travelling on a budget? Tricks to get affordable flight tickets,Airlines often offer discounts to frequent fliers.,2024-11-01 06:16:18,https://img.onmanorama.com/content/dam/mm/en/travel/travel-news/images/2023/1/25/flight-plane-airport-terminal.jpg.transform/576x300/image.jpg,onmanorama,0.5834450632274557,20,48,143,26,92
95,Newsdata,https://www.timesnownews.com/travel/destinations/best-road-trips-from-delhi-in-winters-article-114834836,5 Road Trips From Delhi For A Winter Weekend Getaway,This winter get away from the chaos of the Capital with a trip to these stunning destinations,2024-11-01 06:14:00,"https://static.tnn.in/thumb/msid-114834886,thumbsize-132410,width-1280,height-720,resizemode-75/114834886.jpg?quality=100",timesnownews,1.3336980055172734e-08,16,43,218,16,66
96,Newsdata,https://www.onmanorama.com/travel/travel-news/2024/11/01/konkan-railway-trains-new-timings.html,"Timings of 25 trains, including Netravati revised from today: Check details",Trains via Konkan will now operate at an average speed of 110km/hr after the speed of these express trains was cut down to 40 to 75km/hr during the monsoon season.,2024-11-01 05:41:17,https://img.onmanorama.com/content/dam/mm/en/kerala/top-news/images/2021/7/22/konkan-railway.jpg.transform/576x300/image.jpg,onmanorama,1.3529842772032996e-302,6,6,137,1,57
98,Newsdata,https://www.onmanorama.com/travel/travel-news/2024/11/02/thiruvananthapuram-international-airport-halt-flights-alpassi-arattu-festival.html,Thiruvananthapuram Airport to halt flights for 5 hours on Nov 9 for this historic procession: Here's the story,Passengers can log in to their respective flight app or page to check the airline's updated times.,2024-11-02 10:02:18,https://img.onmanorama.com/content/dam/mm/en/travel/travel-news/images/2024/11/2/alpassi-arattu-trivandrum-airport.jpg.transform/576x300/image.jpg,onmanorama,4.054417414367572e-28,9,15,131,5,43
99,Newsdata,https://www.timesnownews.com/travel/destinations/samantha-ruth-prabhu-explores-the-jungles-of-ranthambore-shares-pictures-from-her-diwali-getaway-at-this-luxury-hotel-in-rajasthan-article-114874104,"Samantha Ruth Prabhu Explores The Jungles Of Ranthambore, Shares Pictures From Her Diwali Getaway At This Luxury Hotel In Rajasthan",The actress spent Diwali at Six Senses Fort Barwara from where she head out on a jungle safari,2024-11-02 07:11:00,"https://static.tnn.in/thumb/msid-114874129,thumbsize-101648,width-1280,height-720,resizemode-75/114874129.jpg?quality=100",timesnownews,0.0001967315796799995,15,35,209,17,88
100,Newsdata,https://www.timesnownews.com/travel/destinations/top-healthiest-countries-in-the-world/photostory/114884975.cms,Top 8 Healthiest Countries In The World,"As the world pays more attention to health and well-being, some countries shine for their dedication to ensuring a high quality of life. Nations that rank high in health studies usually have great healthcare, nutritious diets, active lifestyles, and strong community support. Let’s explore eight of the healthiest countries in the world and what they are doing to achieve this.",2024-11-02 14:30:00,"https://static.tnn.in/thumb/msid-114884975,imgsize-2150681,width-1280,height-720/114884975.jpg",timesnownews,0.0009021663325918012,3,23,48,1,15
101,Newsdata,https://www.onmanorama.com/travel/travel-news/2024/11/03/ernakulam-kollam-memu-coaches-reduced-passengers-complain.html,"Ernakulam – Kollam MEMU: Coaches reduced, passengers raise complaints","By the time the train reaches Ernakulam, the coaches are overcrowded, with many passengers suffering nausea or falling unconscious in the evening.",2024-11-03 10:43:18,https://img.onmanorama.com/content/dam/mm/en/travel/travel-news/images/2024/10/4/memu.jpg.transform/576x300/image.jpg,onmanorama,6.960280765274705e-36,17,13,104,4,55
102,Newsdata,https://www.prnewswire.com/apac/news-releases/global-spotlight-on-international-aquarium-conference-as-it-moves-from-mexico-to-china-302294762.html,Global Spotlight on International Aquarium Conference as It Moves from Mexico to China,"HHAn-Wuhan Polar Ocean Park Takes Center Stage with Successful Flag Handover in advance of 2027 IAC WUHAN, China, Nov. 3, 2024 /PRNewswire/ -- On November 1, 2024, the International Aquarium Congress (IAC), often referred to as the ""Olympics of the Aquarium Industry"", concluded its flag...",2024-11-03 09:17:00,https://mma.prnewswire.com/media/2547432/On_site_International_Aquarium_Conference.jpg?p=original,prnewswire_apac,4.491512803542043e-12,5,44,180,10,39
103,Newsdata,https://www.timesnownews.com/travel/news/china-introduces-visa-free-travel-for-these-nine-countries-article-114904808,China Introduces Visa-free Travel For THESE Nine Countries,China received 8.186 inbound foreign travellers - which is a significant 48.8 percent increase compared to the same period last year.,2024-11-03 06:17:39,"https://static.tnn.in/thumb/msid-114904789,thumbsize-76342,width-1280,height-720,resizemode-75/114904789.jpg?quality=100",timesnownews,8.046631398388415e-18,5,19,77,3,38
104,Newsdata,https://www.onmanorama.com/travel/travel-news/2024/11/03/ksrtc-food-stops-passengers-contracts-tea-coffee.html,KSRTC to have 'food stops' for passengers: Know more,"In August, KSRTC decided to stop for food only at pre-approved hotels.",2024-11-03 05:37:19,https://img.onmanorama.com/content/dam/mm/en/travel/travel-news/images/2024/5/28/ksrtc-bus.jpg.transform/576x300/image.jpg,onmanorama,3.617951618895209e-86,16,13,105,2,54
105,Newsdata,https://www.timesnownews.com/travel/news/maha-kumbh-2024-prayagraj-fastens-infrastructure-upgrades-to-ensure-convenience-of-pilgrims-article-114936964,Maha Kumbh 2024: Prayagraj Fastens Infrastructure Upgrades To Ensure Convenience Of Pilgrims,"The Maha Kumbh mela will begin on January 13, 2025. It is expected to attract millions of pilgrims from all across the country.",2024-11-04 08:30:00,"https://static.tnn.in/thumb/msid-114936971,thumbsize-155962,width-1280,height-720,resizemode-75/114936971.jpg?quality=100",timesnownews,4.277394550062524e-64,8,14,113,3,62
106,Newsdata,https://www.timesnownews.com/travel/news/myanmar-introduces-visa-free-travel-for-8-new-countries-to-boost-tourism-know-details-article-114941046,Myanmar Introduces Visa-free Travel For 8 New Countries To Boost Tourism; Know Details,"Officially known as the Republic of the Union of Myanmar, the country is located in Southeast Asia and is known for its rich heritage and culture. It is now boosting tourism by allowing visa-free entry for citizens of 8 countries. Here is everything you should know.",2024-11-04 12:30:00,"https://static.tnn.in/thumb/msid-114941046,imgsize-153970,width-1280,height-720/114941046.jpg",timesnownews,2.4559043452925303e-14,10,27,119,7,53
107,Newsdata,https://www.onmanorama.com/travel/travel-news/2024/11/04/indian-railway-super-app-launch-ticket-booking.html,"Indian Railway to launch new 'super app' to simplify tickets and meal booking, tracking: Know more",The railways are in the process of improving the tech features of the app to enhance a smooth service experience.,2024-11-04 11:52:18,https://img.onmanorama.com/content/dam/mm/en/travel/travel-news/images/2024/10/1/liver-train.jpg.transform/576x300/image.jpg,onmanorama,3.6068736454538073e-12,11,12,64,5,39
108,Newsdata,https://www.cnbctv18.com/travel/stays/whopping-27-billion-to-be-spent-on-saudis-luxury-red-sea-resort-project-by-2030-19504477.htm,Whopping $27 billion to be spent on Saudi's luxury Red Sea resort project by 2030,The development is key to Saudi Arabia’s plans to transform itself into a top tourism destination. The kingdom aims to draw in 150 million tourists a year by 2030 and plans to spend $1 trillion on the sector over the next decade.,2024-11-05 13:56:42,https://images.cnbctv18.com/uploads/2024/11/red-sea-project-2024-11-d59c69f676cd4eed943f31bfb66a009d.jpg,cnbctv18,5.052604952356317e-15,9,18,99,5,50
109,Newsdata,https://www.timesnownews.com/travel/destinations/going-to-abu-dhabi-for-diljits-concert-stick-around-to-see-these-5-incredible-city-spots-article-114980591,Going To Abu Dhabi For Diljit’s Concert? Stick Around To See These 5 Incredible City Spots,"If you were lucky enough to get your hands on tickets to Diljit’s concert in Abu Dhabi, make sure to stick around for the weekend and explore this destination",2024-11-06 02:41:00,"https://static.tnn.in/thumb/msid-114980576,thumbsize-46644,width-1280,height-720,resizemode-75/114980576.jpg?quality=100",timesnownews,7.303965423197606e-09,21,50,236,17,84
110,Newsdata,https://www.onmanorama.com/travel/travel-news/2024/11/06/kerala-new-ten-vande-bharat-trains-tourism-boost.html,Kerala to welcome 10 new Vande Bharat trains; fares starting at Rs 30,The Vande Bharat trains will provide tourists visiting Kerala with the opportunity to explore the state’s natural beauty and rich culture while travelling across a variety of destinations.,2024-11-06 17:41:03,https://img.onmanorama.com/content/dam/mm/en/travel/travel-news/images/2024/10/21/namo-bharat-trains.jpg.transform/576x300/image.jpg,onmanorama,6.423515513061725e-44,23,59,267,6,107
111,Newsdata,https://www.timesnownews.com/travel/destinations/top-historical-monuments-in-india-that-make-stunning-magazine-covers-article-115058018,Top Historical Monuments in India That Make Stunning Magazine Covers,"India's historical monuments are a beautiful mix of culture, architecture, and history. Every monument has its own story to tell, making them perfect for magazine covers.",2024-11-08 14:30:00,"https://static.tnn.in/thumb/msid-115058018,imgsize-1818654,width-1280,height-720/115058018.jpg",timesnownews,2.148191327661985e-08,24,160,422,43,130
112,Newsdata,https://www.timesnownews.com/travel/news/canada-issues-new-visa-policy-ends-10-year-tourist-validity-know-details-article-115076912,"Canada Issues New Visa Policy, Ends 10-Year Tourist Validity; Know Details",The new guidelines will give immigration officers the discretion to decide whether to issue a single-entry or multiple-entry visa.,2024-11-12 05:30:00,"https://static.tnn.in/thumb/msid-115076897,thumbsize-44020,width-1280,height-720,resizemode-75/115076897.jpg?quality=100",timesnownews,5.271251016808501e-10,12,21,89,6,49
113,Newsdata,https://www.onmanorama.com/travel/travel-news/2024/11/13/chennai-egmore-tirunelveli-vande-bharat-express-capacity-doubled.html,Chennai – Tirunelveli Vande Bharat Express to have 16 coaches: Details,The train covers 650 km between Tirunelveli and Chennai at a speed of 83 km/hr in 7.5 hours.,2024-11-13 05:35:38,https://img.onmanorama.com/content/dam/mm/en/kerala/top-news/images/2023/4/25/vande-bharat-interior1.jpg.transform/576x300/image.jpg,onmanorama,2.233033542584881e-127,10,8,78,1,34
114,Newsdata,https://www.timesnownews.com/travel/destinations/a-look-at-pancharama-andhra-pradeshs-sacred-shiva-temples-article-115052024,"A Look At Pancharama, Andhra Pradesh's Sacred Shiva Temples",One of the many things that makes the Pacharama special is that there are many legends associated with them. Let's take a deep dive into these five temples.,2024-11-13 05:30:00,"https://static.tnn.in/thumb/msid-115052177,thumbsize-198472,width-1280,height-720,resizemode-75/115052177.jpg?quality=100",timesnownews,2.8012894154530083e-09,10,26,180,14,75
115,Newsdata,https://www.timesnownews.com/travel/destinations/deadliest-national-parks-in-the-world-photo-gallery-115256089,10 Deadliest National Parks In The World,"National parks are famous for their stunning beauty and rich wildlife, inviting travellers from all over the world. However, some parks are home to challenging landscapes, dangerous animals, extreme weather, and natural dangers that can make them risky for visitors. While exploring these parks can be an unforgettable experience, it's important to be aware of the risks involved. Proper preparation, understanding the dangers, and following safety rules are important for anyone planning to visit these beautiful but dangerous parks. Here’s a look at the 10 deadliest national parks in the world.",2024-11-13 14:30:00,"https://static.tnn.in/thumb/msid-115256089,imgsize-1965000,width-1280,height-720/115256089.jpg",timesnownews,4.2551457702107314e-05,5,17,44,4,21
116,Newsdata,https://www.onmanorama.com/travel/travel-news/2024/11/15/sabarimala-special-train-via-kottayam.html,Sabarimala special trains: Railway announces services in Kottayam route,Sabarimala special train from Bengaluru Bayyapanahalli station to Thiruvananthapuram North has already begun service.,2024-11-15 05:02:38,https://img.onmanorama.com/content/dam/mm/en/travel/travel-news/images/2022/8/30/indian-train-kerala-art.jpg.transform/576x300/image.jpg,onmanorama,1.0,2,8,66,0,11
117,Newsdata,https://www.timesnownews.com/travel/romantic-honeymoon-destinations-in-shimla-to-visit-in-winter-2024-article-115389082,7 Romantic Honeymoon Destinations In Shimla To Visit In Winter 2024,"Here are some of the most stunning winter honeymoon spots in Shimla for 2024, guaranteed to make your romantic getaway unforgettable.",2024-11-17 15:25:14,"https://static.tnn.in/thumb/msid-115389182,thumbsize-1587367,width-1280,height-720,resizemode-75/115389182.jpg",timesnownews,0.0029817937842279802,20,74,237,33,105
118,Newsdata,https://www.timesnownews.com/travel/news/follow-these-smart-travel-hacks-to-save-money-on-your-familys-international-winter-vacation-article-115407656,Follow These Smart Travel Hacks To Save Money On Your Family's International Winter Vacation,"If you follow the right kind of tricks and hacks, you can crack a really nice deal and enjoy the most wholesome vacation.",2024-11-18 07:02:38,"https://static.tnn.in/thumb/msid-115407645,thumbsize-41436,width-1280,height-720,resizemode-75/115407645.jpg",timesnownews,0.06074252221382111,21,28,109,15,55
119,Newsdata,https://www.timesnownews.com/travel/news/report-reveals-destinations-people-should-stop-visiting-due-to-overtourism-article-115407089,No 'TRAVEL' List 2025: Report Reveals Destinations People Should Stop Visiting Due To Overtourism! A Popular Indian Destination In The List,"Overtourism is straining famous destinations like Kerala, impacting natural ecosystems and local communities, as highlighted by Fodor’s Travel’s ‘No List 2025’ report.",2024-11-18 07:01:19,"https://static.tnn.in/thumb/msid-115407162,thumbsize-2108990,width-1280,height-720,resizemode-75/115407162.jpg",timesnownews,3.427572325566282e-10,22,54,164,11,89
120,Newsdata,https://www.timesnownews.com/travel/destinations/best-things-to-do-in-jaipur-article-115383708,6 Offbeat Experiences In Jaipur That Need To Be Talked About,"From hot air balloon rides to block printing lessons, these experiences in Jaipur offer glimpses of the city’s culture, history, and traditions that go beyond the typical tourist itinerary",2024-11-19 03:41:00,"https://static.tnn.in/thumb/msid-115383825,thumbsize-204748,width-1280,height-720,resizemode-75/115383825.jpg",timesnownews,2.582892352595878e-08,18,57,216,15,80
121,Newsdata,https://www.cnbctv18.com/india/environment/delhi-chokes-under-thick-smog-79-flights-delayed-6-cancelled-19511934.htm,"Delhi chokes under thick smog; 79 flights delayed, 6 cancelled","Several areas recorded an Air Quality Index (AQI) of more than 400, posing serious health risks to residents of the city.",2024-11-20 05:23:29,https://images.cnbctv18.com/uploads/2024/11/delhi-smog-train-2024-11-f777a1736d8dcca259e7a4ebf4e3cf22.jpg,cnbctv18,1.4259875215507685e-245,10,31,197,1,55
122,Newsdata,https://www.timesnownews.com/travel/news/annoyed-with-airport-delays-track-your-flight-with-these-5-real-time-platforms-article-115530128,Annoyed With Airport Delays? Track Your Flight With These 5 Real-Time Platforms,"Whether you're stuck in fog/smog-induced delays or just curious about your flight, these tracking platforms have got your back",2024-11-22 04:41:00,"https://static.tnn.in/thumb/msid-115530133,thumbsize-12200,width-1280,height-720,resizemode-75/115530133.jpg",timesnownews,0.06626280730073962,17,44,168,24,74
123,Newsdata,https://www.cnbctv18.com/travel/destinations/china-expands-visa-free-entry-to-nine-more-countries-to-boost-tourism-economy-19513446.htm,China expands visa-free entry to nine more countries to boost tourism economy,"The inclusion of Japan marks a shift in China's foreign policy, as the two countries have had a tense relationship, particularly regarding on Taiwan.",2024-11-22 16:13:29,https://images.cnbctv18.com/uploads/2024/09/tianjin-ctf-finance-centre-2024-09-47193f64aae892059635862733001c64.jpg,cnbctv18,1.2366444607983015e-12,13,42,121,6,52
124,Newsdata,https://www.cnbctv18.com/travel/indigo-flights-now-offer-students-discounts-special-baggage-allowance-19513389.htm,"IndiGo flights now offer students discounts, special baggage allowance","With affordability, flexibility, and convenience at its core, the Student Special is set to make travel easier for students, helping them navigate their academic journeys.",2024-11-22 15:10:30,https://images.cnbctv18.com/uploads/2023/02/indigo-indigo-flight-sale-indigo-tickets.jpg,cnbctv18,5.871927760280199e-06,11,52,127,12,61
125,Newsdata,https://www.timesnownews.com/travel/destinations/best-places-to-visit-in-darjeeling-in-winter-vacations-article-115561789,Discover Darjeeling: A Guide To The Town’s Most Iconic Experiences,"For those who embrace the cold, Darjeeling offers a winter escape like no other",2024-11-26 04:41:00,"https://static.tnn.in/thumb/msid-115561912,thumbsize-201048,width-1280,height-720,resizemode-75/115561912.jpg",timesnownews,1.6766680570481156e-09,15,33,184,12,57
126,Newsdata,https://www.timesnownews.com/travel/travelogues/did-you-know-there-was-a-bus-that-took-travellers-from-london-to-kolkata-article-115741189,Did You Know There Was A Bus That Took Travellers From London To Kolkata?,"Covering around 17,000 kms one way, it was considered to be the longest bus route in the world!",2024-11-29 03:41:00,"https://static.tnn.in/thumb/msid-115741242,thumbsize-53276,width-1280,height-720,resizemode-75/115741242.jpg",timesnownews,4.3167525916548396e-11,20,36,159,9,61
127,Newsdata,https://www.timesnownews.com/travel/news/know-all-about-check-in-chicken-trend-that-can-get-you-better-seats-at-no-extra-cost-article-115859795,Know All About Check-In Chicken Trend That Can Get You Better Seats At No Extra Cost,"A TikTok influencer, who is known for sharing cheap travel hacks, recently shared how flyers can get better seats in an airline at no extra cost. Read on to know more.",2024-12-01 04:32:26,"https://static.tnn.in/thumb/msid-115859795,imgsize-35134,width-1280,height-720/115859795.jpg",timesnownews,0.9953388978619264,17,18,77,19,59
128,Newsdata,https://www.timesnownews.com/travel/destinations/plan-a-trip-with-your-kids-to-these-places-in-india-to-spot-dolphins-article-115882107,Plan A Trip With Your Kids To These Places In India To Spot Dolphins,"Wondering where you can take your kids to spot Dolphins? Well, we have some options curated just for you.",2024-12-02 03:13:11,"https://static.tnn.in/thumb/msid-115882168,thumbsize-88978,width-1280,height-720,resizemode-75/115882168.jpg",timesnownews,0.7405251393575205,25,31,115,21,67
129,Newsdata,https://www.prnewswire.com/apac/news-releases/marriott-hotels-brings-its-rich-legacy-and-wonderful-hospitality-to-this-southern-thai-paradise-with-the-opening-of-khao-lak-marriott-beach-resort--spa-302319306.html,MARRIOTT HOTELS BRINGS ITS RICH LEGACY AND WONDERFUL HOSPITALITY TO THIS SOUTHERN THAI PARADISE WITH THE OPENING OF KHAO LAK MARRIOTT BEACH RESORT & SPA,"Exceptional Service and Enriching Experiences Await at this Prime Beachfront Setting, with World-Class Facilities and Thoughtful Design Reflecting the Area's Authentic Local Heritage BANGKOK, Dec. 2, 2024 /PRNewswire/ -- Marriott Hotels®, the namesake brand of Marriott Bonvoy's global...",2024-12-02 03:00:00,https://mma.prnewswire.com/media/2570449/Khao_Lak_Marriott___Beachfront_One_Bedroom_Villa.jpg?p=original,prnewswire_apac,4.7117081997699303e-26,25,114,506,14,130
130,Newsdata,https://www.prnewswire.com/apac/news-releases/silk-road-express-to-launch-exclusive-train-cruise-across-china-302319517.html,Silk Road Express to Launch Exclusive Train Cruise across China,"Train Travel Redefined: The Ultimate Modern Lifestyle Choice SHANGHAI, Dec. 3, 2024 /PRNewswire/ -- Starting from December 18th, the meticulously crafted ""Silk Road Express"" by the esteemed railway cultural tourism expert ""Train of Glamour"" will set out. This luxurious international...",2024-12-03 00:00:00,https://mma.prnewswire.com/media/2570638/Image_1.jpg?p=original,prnewswire_apac,4.750717302400512e-18,7,54,189,7,53
131,Newsdata,https://www.connectedtoindia.com/uber-rolls-out-asias-first-water-transport-service-in-jammu-and-kashmir-with-shikara-bookings-on-its-app/,Uber rolls out Asia’s first water transport service in Jammu and Kashmir with shikara bookings on its app,"The service was launched by Prabhjeet Singh, President of Uber India and South Asia, who booked the inaugural shikara ride via the app.The post Uber rolls out Asia’s first water transport service in Jammu and Kashmir with shikara bookings on its app appeared first on Connected to India News I Singapore l UAE l UK l USA l NRI.",2024-12-03 05:19:11,https://wp-rewamp.s3.ap-southeast-1.amazonaws.com/wp-content/uploads/2024/12/Uber-Shikara-3.jpg,connectedtoindia,1.141387280298491e-05,20,61,312,32,136
132,Newsdata,https://www.timesnownews.com/travel/destinations/best-things-to-experience-in-the-maldives-photo-gallery-115935025,8 Best Things To Experience In The Maldives,"The Maldives is an exotic paradise known for its crystal-clear waters, pristine beaches, and rich marine life. Whether you are seeking adventure, peace, or luxury, the Maldives offers a wide range of activities that promise unforgettable experiences. From skydiving over breathtaking landscapes to dining underwater, the Maldives is a destination like no other. Here are eight of the best things to experience during your visit.",2024-12-03 14:30:00,"https://static.tnn.in/thumb/msid-115935025,imgsize-1880503,width-1280,height-720/115935025.jpg",timesnownews,0.10167922194018461,2,12,31,6,17
133,Newsdata,https://www.prnewswire.com/apac/news-releases/muwa-niseko-collaborates-with-ginori-1735-to-celebrate-the-year-of-the-snake-in-style-302320609.html,MUWA NISEKO Collaborates with Ginori 1735 to Celebrate the Year of the Snake in Style,"""New Year Red Bliss"" Promises a Luxury Stay with Limited Italian Porcelain Gift HOKKAIDO, Japan, Dec. 4, 2024 /PRNewswire/ -- MUWA NISEKO, the award-winning luxury wellness resort in Niseko operated by GK H-SUMMIT, recently recognized as the World's Best New Ski Hotel 2024 and a Michelin...",2024-12-04 04:00:00,https://mma.prnewswire.com/media/2569044/image_843244_25865115.jpg?p=original,prnewswire_apac,3.6341987815226114e-43,12,73,244,4,62
134,Newsdata,https://www.cnbctv18.com/travel/destinations/oman-to-welcome-record-7-lakh-indian-tourists-in-2024-19519373.htm,Oman to welcome record 7 lakh Indian tourists in 2024,"While Oman offers year-round tourism, the best time to visit is from October to March. Officials highlighhted the government's commitment to sustainable and responsible tourism practices.",2024-12-04 14:21:32,https://images.cnbctv18.com/uploads/2024/12/oman-tourism-new-2024-12-174158393579be450f44605f0dc94b5f.jpg,cnbctv18,1.8732835684578064e-18,6,34,111,4,46
135,Newsdata,https://www.cnbctv18.com/travel/destinations/to-connect-tourists-faster-to-destinations-across-kerala-state-approves-heli-tourism-policy-19519419.htm,"To connect tourists faster to destinations across Kerala, state approves heli-tourism policy","This policy is expected to rejuvenate the heli-tourism sector in Kerala, the statement continued, and it will encourage more entrepreneurs to enter the industry.",2024-12-04 13:57:00,https://images.cnbctv18.com/uploads/2023/05/helicopters.jpg,cnbctv18,8.017785060029143e-66,3,13,79,2,40
136,Newsdata,https://www.timesnownews.com/travel/places-you-must-visit-in-india-for-spiritual-awakening-article-116076730,Places You Must Visit In India For Spiritual Awakening,"If you're planning to go on a spiritual tour in India, then you must head to certain cities that are abode to ancient temples and that find mention in sacred texts like Ramayana and Mahabharata. To help plan your itinerary, read on.",2024-12-07 14:05:58,"https://static.tnn.in/thumb/msid-116076730,imgsize-132948,width-1280,height-720/116076730.jpg",timesnownews,0.002190540606518755,38,40,298,31,138
137,Newsdata,https://www.prnewswire.com/apac/news-releases/agoda-celebrates-international-mountain-day-with-top-5-mountain-destinations-in-asia-302322347.html,Agoda Celebrates International Mountain Day with Top 5 Mountain Destinations in Asia,"SINGAPORE, Dec. 9, 2024 /PRNewswire/ -- In celebration of International Mountain Day on December 11, digital travel platform Agoda shares the top five mountain destinations across Asia based on Agoda's 2024 booking data. These destinations offer travelers unique experiences, from...",2024-12-09 01:00:00,https://mma.prnewswire.com/media/2567836/Agoda.jpg?p=original,prnewswire_apac,1.4518491740205602e-07,6,57,185,18,57
138,Newsdata,https://www.prnewswire.com/apac/news-releases/fit-boosts-quality-recovery-for-ite--hong-kong-outbound-302323676.html,FIT boosts Quality Recovery for ITE & Hong Kong Outbound,"HONG KONG, Dec. 5, 2024 /PRNewswire/ -- Co-locating 39th ITE (Leisure Travel) and 20th ITE MICE, the ITE Hong Kong 2025 which has been selected by the government as a Mega Event (https://www.brandhk.gov.hk/en/mega-events/mega-events), will be held from June 12 to 15 in 5 halls at Hong...",2024-12-09 02:00:00,https://mma.prnewswire.com/media/2573586/ITE25_Public_Survey.jpg?p=original,prnewswire_apac,2.2839946938262764e-32,17,45,177,4,44
139,Newsdata,https://www.timesnownews.com/travel/destinations/unique-temples-in-india-this-is-the-only-temple-in-india-dedicated-to-duryodhan-article-116084581,This Is The Only Temple In India Dedicated To Duryodhan!,"Not just him, there are over a 100 temples dedicated to all the Kauravas in Kerala",2024-12-10 03:51:00,"https://static.tnn.in/thumb/msid-116084620,thumbsize-162974,width-1280,height-720,resizemode-75/116084620.jpg",timesnownews,0.9966616545708238,14,28,126,24,58
140,Newsdata,https://www.prnewswire.com/apac/news-releases/sino-jet-unveils-middle-east-international-headquarters-boosting-globalization-strategy-302328347.html,"Sino Jet Unveils Middle East International Headquarters, Boosting Globalization Strategy","HONG KONG, Dec. 10, 2024 /PRNewswire/ -- On December 10, 2024, Sino Jet achieved a significant milestone with the official launch and commencement of operations at the Middle East International Headquarters. This landmark event not only marks the successful entry of a Chinese business...",2024-12-11 02:04:00,https://mma.prnewswire.com/media/2382249/Sino_Jet_Logo.jpg?p=original,prnewswire_apac,2.985290098624866e-20,27,79,300,9,77
