id,apiname,url,title,summary,published,imageurl,source,score,adverb_count,adjective_count,noun_count,pronoun_count,verb_count
1,Gnews,https://www.devdiscourse.com/article/law-order/3039288-chinese-consul-general-commends-indian-coast-guard-for-lifesaving-rescues,Chinese Consul General Commends Indian Coast Guard for Lifesaving Rescues,"Chinese Consul General in Mumbai, Kong Xianhua, praised the Indian Coast Guard for its lifesaving efforts in rescuing Chinese mariners. Kong emphasized the historical ties between India and China, recalling mutual assistance during wartimes and stressing the importance of current collaborations in strengthening friendship between the two nations.",2024-08-02 05:02:12,https://www.devdiscourse.com/remote.axd?https://devdiscourse.blob.core.windows.net/imagegallery/03_03_2020_19_04_32_3060217.jpg?width=920&format=jpeg,Devdiscourse,3.8544688291904245e-17,2,20,61,2,15
2,Gnews,https://www.ndtv.com/india-news/unga-president-says-india-lifted-800-million-people-out-of-poverty-simply-by-smartphone-6244285,"India Lifted 800 Million People Out Of Poverty ""Simply By Smartphone"": UNGA","Stressing the use of digitisation for rapid development, the President of the 78th session of the UN General Assembly, Dennis Francis, lavished praise on India for its work in this direction, which has lifted 800 million out of poverty.",2024-08-02 01:51:42,https://c.ndtvimg.com/phone-generic_625x300_1528342767189.jpg,NDTV News,4.544016904023301e-05,15,35,130,12,61
3,Gnews,https://www.news18.com/india/assam-rifles-to-be-deployed-in-terror-wracked-jammu-for-the-first-time-some-troops-withdrawn-from-manipur-8987211.html,"Assam Rifles to Be Deployed in Terror-wracked Jammu for The First Time, Some Troops Withdrawn from Manipur",Lieutenant General Vikas Lakhera on Wednesday took over as the 22nd director general of the Assam Rifles,2024-08-01 22:09:38,https://images.news18.com/ibnlive/uploads/2024/08/assam-rifles-2024-08-1a747791d2a9ab0c6673144d1e85ca85-16x9.jpg?impolicy=website&width=1200&height=675,News18,4.061301472225338e-86,10,23,114,2,60
4,Gnews,https://www.livemint.com/industry/supreme-court-tushar-mehta-psu-mineral-rights-coal-india-d-y-chandrachud-india-cements-mmdr-act-royalties-11722427020698.html,Centre opposes retrospective application of SC ruling on mining royalty case,"Solicitor General Tushar Mehta said that the SC ruling of 25 July, which grants states the power to tax mineral rights and mineral-bearing land, could impose a financial burden of ₹70,000-80,000 crore on public sector units (PSUs) if applied retrospectively.",2024-07-31 19:35:59,https://images.livemint.com/img/2024/07/31/1600x900/tushar_1566497150832_1722434650377.jpg,Livemint,1.5546390455169728e-18,29,61,309,16,159
5,Gnews,https://www.indiatvnews.com/sports/cricket/former-indian-cricketer-anshuman-gaekwad-passes-away-at-71-after-long-battle-with-cancer-2024-07-31-944626,Former Indian cricketer Anshuman Gaekwad passes away at 71 after long battle with cancer,"'My deepest condolences to the family and friends of Mr Aunshuman Gaekwad. Heartbreaking for the entire cricket fraternity. May his soul rest in peace,' the BCCI general secretary Jay Shah confirmed Anshuman Gaekwad's demise.",2024-07-31 18:16:51,https://resize.indiatvnews.com/en/resize/newbucket/1200_-/2024/07/whatsapp-image-2024-07-31-at-23-1722449730.jpeg,India TV News,0.6502080735648568,4,22,116,18,35
6,Gnews,https://www.indiatvnews.com/news/india/aaj-ki-baat-rahul-gandhi-caste-parliament-session-2024-lok-rajya-sabha-wayanad-landslides-deaths-delhi-coaching-centre-incident-latest-updates-2024-07-31-944602,"Aaj Ki Baat: Full episode, July 31, 2024","India's number one and most followed Super Prime Time News Show, ‘Aaj Ki Baat-Rajat Sharma Ke Saath' was launched just before the 2014 general elections.",2024-07-31 15:37:31,https://resize.indiatvnews.com/en/resize/newbucket/1200_-/2024/07/aaj-ki-baat-image-1722439406.jpg,India TV News,5.3225674050761944e-20,5,9,74,2,13
7,Gnews,https://www.firstpost.com/explainers/firstup-rahul-priyanka-landslide-hit-wayanad-last-date-it-returns-the-news-today-13798818.html,"FirstUp: Rahul, Priyanka to visit landslide-hit Wayanad, last date to file IT returns… The news today","Congress leaders Rahul Gandhi and Priyanka Gandhi are expected to visit Kerala’s Wayanad, where massive landslides have claimed more than 90 lives. His party is also likely to hold its Parliamentary Party general body meeting at 10 am. Today is also the last date to file income tax returns",2024-07-31 00:30:47,"https://images.firstpost.com/uploads/2024/07/PTI07_25_2024_000213B-1-2024-07-6b6e98dd3a4616d57cf031189df93d9b.jpg?im=FitAndFill=(1200,675)",Firstpost,2.0384964366838256e-18,34,80,477,26,208
8,Gnews,https://www.devdiscourse.com/article/politics/3035988-congress-advocates-for-caste-census-amid-bjp-rss-criticism,Congress Advocates for Caste Census Amid BJP-RSS Criticism,The Congress has called for a caste census and criticized the BJP-RSS for questioning Rahul Gandhi's caste. Both Congress President Mallikarjun Kharge and General Secretary Priyanka Gandhi Vadra emphasized the need for socio-economic data to ensure equal opportunities for marginalized groups. They accused the Modi government of denying this vital information.,2024-07-30 18:20:45,https://www.devdiscourse.com/remote.axd?https://devdiscourse.blob.core.windows.net/imagegallery/27_05_2019_12_10_51_4304562.jpg?width=920&format=jpeg,Devdiscourse,1.1229455922830918e-61,0,12,59,1,19
9,Gnews,https://indianexpress.com/article/world/trumps-major-ad-attacking-harris-hits-her-on-immigration-9485500/,Trump’s first major ad attacking Harris hits her on immigration,The Trump campaign had spent months laying the groundwork for a brutal general election campaign against President Joe Biden casting him as mentally diminished and weak but his last-minute withdrawal this month has upended the dynamics of the race.,2024-07-30 18:01:31,https://images.indianexpress.com/2024/07/Untitled-design-23-4.jpg,The Indian Express,0.03226083110844071,34,53,249,28,142
10,Gnews,https://www.indiatvnews.com/news/world/pakistan-imran-khan-hints-willingness-to-talk-with-pakistan-army-says-never-made-accusations-only-criticsm-2024-07-30-944401,"Pakistan: Imran Khan hints willingness to talk with army, says never made accused, only criticised","Imran Khan emphasised that no one should be taught that the military has always been without fault. He also pointed out that General Ziaul Haq was responsible for the execution of former Prime Minister Zulfikar Ali Bhutto, and that General Yahya Khan bore responsibility for the fall of Dhaka.",2024-07-30 13:09:45,https://resize.indiatvnews.com/en/resize/newbucket/1200_-/2024/06/AP06_27_2024_000355B.jpg,India TV News,0.5620833268298513,19,31,150,23,78
11,Gnews,https://www.livemint.com/companies/infosys-gst-notice-dggi-it-services-bengaluru-taxes-and-customs-high-court-nasscom-employment-11722591063810.html,Centre likely to accept Infosys’ plea on GST notice,The move comes after the Bengaluru office of the Directorate General of GST Intelligence (DGGI) issued a pre-show cause notice to the country’s second-largest IT services firm,2024-08-02 18:30:00,https://images.livemint.com/img/2024/08/02/1600x900/Infosys_1722602237958_1722602238203.jpg,Livemint,6.549501228415684e-25,29,70,343,14,145
12,Gnews,https://www.indiatvnews.com/news/india/aaj-ki-baat-august-2-2024-wayanad-landslides-cloudbursts-floods-himachal-pradesh-uttarakhand-yogi-adityanath-moid-khan-rahul-gandhi-chakravyuh-bjp-2024-08-02-944994,"Aaj Ki Baat: Full episode, August 2, 2024","India's number one and most followed Super Prime Time News Show, ‘Aaj Ki Baat-Rajat Sharma Ke Saath' was launched just before the 2014 general elections.",2024-08-02 17:23:52,https://resize.indiatvnews.com/en/resize/newbucket/1200_-/2024/05/akb-1711993521-1716831141-1717086183.jpg,India TV News,7.967983133656905e-07,6,6,68,4,18
13,Gnews,https://www.deccanchronicle.com/southern-states/telangana/cag-finds-telangana-doctor-population-ratio-below-national-average-1813952,CAG Finds Telangana Doctor-Population Ratio Below National Average,HYDERABAD: A report by the Comptroller and Auditor General (CAG) tabled in the Assembly on Friday revealed severe staff shortages in primary healthcare centres (PHCs) and secondary healthcare...,2024-08-02 17:10:00,https://www.deccanchronicle.com/h-upload/2024/08/02/1828348-la-26363532.webp,Deccan Chronicle,7.811713804931853e-07,8,32,99,0,22
14,Gnews,https://www.devdiscourse.com/article/law-order/3040245-bsf-leadership-shake-up-amid-rising-border-tensions,BSF Leadership Shake-up Amid Rising Border Tensions,"The Centre has removed BSF Director General Nitin Agrawal and Special DG Y B Khurania, sending them back to their state cadres amid escalating terror incidents along the India-Pakistan border. The government cited 'premature' repatriation orders, with Khurania potentially becoming the head of Odisha's police force.",2024-08-02 16:52:00,https://www.devdiscourse.com/remote.axd?https://devdiscourse.blob.core.windows.net/aiimagegallery/12_06_2024_11_03_48_2523327.png?width=920&format=jpeg,Devdiscourse,2.262781724604912e-22,6,13,82,3,20
15,Gnews,https://www.devdiscourse.com/article/law-order/3040181-bsf-chief-nitin-agrawal-and-deputy-special-dg-y-b-khurania-relieved-from-duties,BSF Chief Nitin Agrawal and Deputy Special DG Y B Khurania Relieved from Duties,"The Centre has relieved BSF Director General Nitin Agrawal and his deputy Special DG (West) Y B Khurania from their duties, sending them back to their state cadres. Agrawal, a Kerala cadre officer, and Khurania, from Odisha, have been 'prematurely' repatriated per government orders.",2024-08-02 16:05:03,https://www.devdiscourse.com/remote.axd?https://devdiscourse.blob.core.windows.net/devnews/20_07_2024_23_47_12_4098586.jpg?width=920&format=jpeg,Devdiscourse,0.02131454462642695,1,6,47,4,9
16,Gnews,https://www.deccanchronicle.com/southern-states/telangana/financial-pressure-telangana-needs-to-repay-borrowings-of-rs-286-lakh-cr-in-10-years-says-cag-1813920,BRS govt hid off-budget Rs 1.18L-cr loans: CAG,"Hyderabad: The Comptroller and Auditor General (CAG), the highest audit institution in the country, has punctured the tall claims of prudent fiscal management by the previous BRS regime and exposed...",2024-08-02 14:44:55,https://s3.ap-southeast-1.amazonaws.com/images.deccanchronicle.com/dc-Cover-66ukphpr2ulefn4bj40t7m35j0-20230806210713.Medi.jpeg,Deccan Chronicle,5.5759545228422824e-30,12,39,154,5,62
17,Gnews,https://www.devdiscourse.com/article/science-environment/3039986-kerala-landslides-49-children-missing-or-dead-schools-heavily-damaged,"Kerala Landslides: 49 Children Missing or Dead, Schools Heavily Damaged","Kerala General Education Minister V Sivankutty reported that 49 children are either missing or dead following devastating landslides in Wayanad. The Vellarimala Government Higher Secondary School was completely destroyed, with four other schools also damaged. The government will address these issues and offer assistance after consulting with the chief minister.",2024-08-02 13:55:19,https://www.devdiscourse.com/remote.axd?https://devdiscourse.blob.core.windows.net/aiimagegallery/28_05_2024_16_40_23_3867514.png?width=920&format=jpeg,Devdiscourse,5.744279330656495e-62,8,18,87,2,51
18,Gnews,https://www.firstpost.com/india/border-security-force-director-deputy-special-dg-removed-jammu-kashmir-13800340.html,"Why has the Centre removed BSF chief, deputy 'with immediate effect'?","BSF Director General Nitin Agrawal and his deputy Special DG (West) YB Khurania have been repatriated to their respective state cadres with 'immediate effect', as per the central government's order",2024-08-03 04:39:18,"https://images.firstpost.com/uploads/2024/08/Untitled-design-2024-08-03T100753.132-2024-08-7248ffc8d4c27dde698804553487af55.jpg?im=FitAndFill=(1200,675)",Firstpost,4.51762519023744e-19,10,29,195,10,74
19,Gnews,https://scroll.in/latest/1071588/bsf-chief-special-director-general-sent-back-to-parent-cadres-amid-spike-in-militancy-in-jammu,"BSF chief, special director-general sent back to parent cadres amid spike in militancy in Jammu",The Border Security Force guards the 192 km-long international border along Jammu.,2024-08-03 04:21:00,https://sc0.blr1.cdn.digitaloceanspaces.com/book/202561-ttcgxnwlng-1722655613.jpeg,Scroll.in,4.035552666328121e-24,2,15,101,4,27
20,Gnews,https://www.deccanchronicle.com/southern-states/telangana/top-hyderabad-hospitals-lack-fire-safety-certifications-cag-1814153,Top Hyderabad Hospitals Lack Fire Safety Certifications: CAG,"Hyderabad: Top government hospitals in the city, including Osmania General Hospital and MNJ Cancer Hospital, which have thousands of in-patients and out-patients daily, apart from their attendants and...",2024-08-03 16:32:00,https://www.deccanchronicle.com/h-upload/2024/08/02/1828389-ogh.webp,Deccan Chronicle,3.287213486224225e-26,7,10,80,3,25
21,Gnews,https://indianexpress.com/article/world/vietnam-president-new-communist-party-chief-9492229/,Vietnam’s president is confirmed as the new Communist Party chief - the country’s most powerful role,"The previous general secretary, Nguyen Phu Trong, dominated Vietnamese politics since he became party chief in 2011. He was elected to a third term as general secretary in 2021.",2024-08-03 12:41:05,https://images.indianexpress.com/2024/08/Untitled-design-44-1.jpg,The Indian Express,0.011091712594442337,13,39,141,21,79
22,Gnews,https://www.devdiscourse.com/article/politics/3040469-to-lam-named-general-secretary-of-vietnamese-communist-party,To Lam Named General Secretary of Vietnamese Communist Party,"Vietnam's President To Lam has been appointed as the general secretary of the Communist Party, taking over from the late Nguyen Phu Trong. Lam, who assumed his new role on July 18, aims to continue Trong's legacy and drive socioeconomic development.",2024-08-03 03:34:23,https://www.devdiscourse.com/remote.axd?https://devdiscourse.blob.core.windows.net/imagegallery/29_02_2020_16_55_29_8451536.jpg?width=920&format=jpeg,Devdiscourse,3.487285024340076e-05,4,5,42,3,17
23,Gnews,https://indianexpress.com/article/cities/ahmedabad/gujarat-confidential-check-dam-9495473/,Gujarat confidential: Check Dam,"The project was conceived to mark the retirement of B M Shah, who has been the GEBEA Secretary General for around 10 years, in March",2024-08-05 02:26:40,https://images.indianexpress.com/2024/08/GC-RRRR-1.jpg,The Indian Express,1.1922482843073523e-21,3,6,85,4,26
24,Gnews,https://indianexpress.com/article/india/manoj-sinha-jammu-and-kashmir-development-work-peace-jk-assembly-elections-9495319/,"J&K LG Manoj Sinha: Progress made, Raj Bhavan for fine balance with elected UT govt",Jammu and Kashmir LG said the general elections which witnessed a record voter turnout of 58.46 per cent showed that the people of Jammu and Kashmir have faith in democracy,2024-08-04 23:08:58,https://images.indianexpress.com/2024/08/manoj-sinha.jpg,The Indian Express,0.006016329455728515,19,37,178,22,81
25,Gnews,https://indianexpress.com/article/world/musk-backed-pac-under-investigation-9495304/,Musk-backed PAC under investigation for potential violations of Michigan laws,The Michigan Attorney General's office and America PAC did not immediately respond to a request for comment. Musk could not be immediately reached for comment.,2024-08-04 22:29:12,https://images.indianexpress.com/2024/08/Untitled-design-12-1.jpg,The Indian Express,2.562838900818326e-23,14,17,113,5,45
26,Gnews,https://www.devdiscourse.com/article/law-order/3041640-tenure-extension-for-chhattisgarh-dgp-ashok-juneja,Tenure Extension for Chhattisgarh DGP Ashok Juneja,"Ashok Juneja's tenure as Chhattisgarh Director General of Police has been extended by six months. Originally set to retire on Sunday, Juneja will now superannuate on February 3 next year. This decision was made by the Chhattisgarh government under the All India Service Rules, with approval from the Union government.",2024-08-04 15:52:08,https://www.devdiscourse.com/remote.axd?https://devdiscourse.blob.core.windows.net/devnews/16_02_2023_15_43_09_3293483.jpg?width=920&format=jpeg,Devdiscourse,0.999999999960153,2,6,37,0,15
27,Gnews,https://www.livemint.com/opinion/online-views/viksit-bharat-2047-niti-aayog-modi-meeting-infrastructure-fdi-pli-scheme-suzuki-chinese-imports-domestic-production-11722759667393.html,How best to attract FDI: Four pointers for an ‘investment-friendly charter’,"India should analyse data to track trends in every sector, act to lower domestic business costs (which calls for a relook at import tariffs), make it easier in general to do business in the country and create a strategic framework to vet proposals of foreign direct investment.",2024-08-03 18:30:00,https://images.livemint.com/img/2024/08/04/1600x900/NITI_aayog_meet_1722092382697_1722759897084.jpg,Livemint,4.4398509054398784e-14,36,109,328,16,150
28,Gnews,https://www.firstpost.com/world/slowing-economy-forces-more-chinese-citizens-into-malaysia-us-and-other-places-13801860.html,"Slowing economy forces more Chinese citizens into Malaysia, US and other places","China’s economic slowdown is not only worrying global giants such as Apple, General Motors and the like, it’s also driving its people to look for new residency. Let’s see what’s behind this migration wave and its impact on various countries, including Malaysia and the US",2024-08-07 01:46:50,"https://images.firstpost.com/uploads/2024/03/chinese-migrants-2024-03-c096a6af917f240fb15bfbf6c942ffde.jpg?im=FitAndFill=(1200,675)",Firstpost,7.821383220764008e-07,53,169,429,31,187
29,Gnews,https://indianexpress.com/article/opinion/editorials/targeting-of-imane-khelif-sports-is-a-long-way-away-from-equality-9499396/,Targeting of Imane Khelif: Sports is a long way away from equality,The disregard of the distinction between biological sex and gender identity is of a piece with the disinformation and ignorance that shroud conversations around much of women’s sports in general,2024-08-07 01:34:25,https://images.indianexpress.com/2024/08/express-view-10.jpg,The Indian Express,1.3021506097122959e-08,9,31,132,7,43
30,Gnews,https://www.devdiscourse.com/article/law-order/3044415-supreme-court-rejects-missouris-bid-to-alter-trumps-gag-order-and-delay-sentencing,Supreme Court Rejects Missouri's Bid to Alter Trump's Gag Order and Delay Sentencing,The Supreme Court dismissed Missouri's attempt to lift a gag order in Trump's hush-money case and delay his sentencing in New York. Missouri's attorney general argued the gag order limits Trump's campaign speech and affects voter rights. New York AG Letitia James countered that state appeals are ongoing.,2024-08-07 00:35:35,https://www.devdiscourse.com/remote.axd?https://devdiscourse.blob.core.windows.net/aiimagegallery/06_08_2024_08_41_55_3386653.png?width=920&format=jpeg,Devdiscourse,6.901550632707365e-13,3,5,70,4,30
31,Gnews,https://www.firstpost.com/entertainment/yuval-sharon-to-direct-met-operas-new-stagings-of-wagners-ring-cycle-and-tristan-und-isolde-13801829.html,Yuval Sharon to direct Met Opera’s new stagings of Wagner’s Ring Cycle and `Tristan und Isolde’,Sharon was chosen by Nézet-Séguin and Met general manager Peter Gelb,2024-08-06 20:01:45,"https://images.firstpost.com/uploads/2024/08/MixCollage-07-Aug-2024-01-32-AM-2353-2024-08-13bed88e8bfa860dd9d2bc19e2ef0888.jpg?im=FitAndFill=(1200,675)",Firstpost,1.5618436071815344e-12,20,56,322,24,131
32,Gnews,https://www.devdiscourse.com/article/headlines/3043624-supreme-court-to-expedite-hearing-on-clash-between-muslim-personal-law-and-child-marriage-prohibition-act,Supreme Court to Expedite Hearing on Clash Between Muslim Personal Law and Child Marriage Prohibition Act,"The Supreme Court has agreed to an early hearing on whether Muslim personal law allowing child marriages conflicts with the Prohibition of Child Marriage Act, 2006. The Solicitor General requested the matter to be resolved soon due to differing High Court judgments and significant implications for minors' rights.",2024-08-06 10:50:45,https://www.devdiscourse.com/remote.axd?https://devdiscourse.blob.core.windows.net/devnews/06_08_2024_16_20_31_7854144.jpg?width=920&format=jpeg,Devdiscourse,5.68374683618782e-47,12,29,149,4,72
33,Gnews,https://www.indiatvnews.com/health/world-breastfeeding-week-2024-know-the-antibody-rich-benefits-of-breast-milk-2024-08-06-945518,World Breastfeeding Week 2024: Know the antibody-rich benefits of breast milk,Breast milk is known to have numerous benefits beyond the provision of food for the baby; they are nature’s health solution. It is the primary foundation for a protective system and the general health of a baby.,2024-08-06 10:38:17,https://resize.indiatvnews.com/en/resize/newbucket/1200_-/2024/08/breastfeeding-week-1-1722940234.jpg,India TV News,3.1850999003189264e-13,18,55,161,6,54
34,Gnews,https://www.devdiscourse.com/article/law-order/3043474-top-russian-general-inspects-troops-amid-criticism-and-war-crime-accusations,Top Russian General Inspects Troops Amid Criticism and War Crime Accusations,"Valery Gerasimov, Russia's chief of general staff, inspected troops in Ukraine, setting further tasks for commanders. Despite setbacks and criticisms, Gerasimov oversaw gradual advances. The International Criminal Court issued warrants for Gerasimov and ex-defence minister Sergei Shoigu for suspected war crimes, which Russia denies, dismissing the court’s authority.",2024-08-06 09:19:58,https://www.devdiscourse.com/remote.axd?https://devdiscourse.blob.core.windows.net/imagegallery/03_03_2020_19_07_11_3625933.jpg?width=920&format=jpeg,Devdiscourse,0.0011439586227921896,2,9,42,5,15
35,Gnews,https://www.devdiscourse.com/article/international/3043399-un-chief-urges-calm-amid-political-upheaval-in-bangladesh,UN Chief Urges Calm Amid Political Upheaval in Bangladesh,UN Secretary-General Antonio Guterres has urged all parties in Bangladesh to exercise calm and restraint following protests that have led to loss of lives. He stressed the importance of a peaceful transition and called for an independent investigation into the violence amid Prime Minister Sheikh Hasina's resignation.,2024-08-06 08:22:30,https://www.devdiscourse.com/remote.axd?https://devdiscourse.blob.core.windows.net/devnews/06_08_2024_13_52_23_545392.jpg?width=920&format=jpeg,Devdiscourse,4.078694940722027e-07,3,17,59,5,22
36,Gnews,https://theprint.in/world/bangladesh-student-protesters-want-parliament-dissolved-warn-of-strict-programme/2210280/,Bangladesh remains in flux as students issue deadline to dissolve parliament,Bangladesh's army chief General Waker-Uz-Zaman was due to meet student leaders at 0600 GMT to discuss the formation of an interim government.,2024-08-06 08:15:38,https://static.theprint.in/wp-content/uploads/2024/08/student-protests-bangladesh.jpg,ThePrint,0.0014700429266768494,14,43,190,22,94
37,Gnews,https://www.news18.com/india/drug-makers-to-face-stricter-audits-surprise-inspections-as-schedule-m-quality-rules-come-into-effect-8991696.html,"Drug Makers To Face Stricter Audits, Surprise Inspections As ‘Schedule M’ Quality Rules Come Into Effect","According to the letter sent by the drug regulator general of India (DCGI), Rajeev Singh Raghuvanshi, seen by News18, the licensed premises must be inspected by both a central and a state inspector at least once every three years or more often if needed",2024-08-06 07:52:20,https://images.news18.com/ibnlive/uploads/2024/02/medicines-2024-02-ff7b3feb77576826a1ea796598f7bddb-16x9.png?impolicy=website&width=1200&height=675,News18,9.322971645702484e-26,19,32,193,9,90
38,Gnews,https://www.news18.com/viral/watch-russian-woman-influencer-captures-her-first-time-in-mumbai-local-8993983.html,Watch: Russian Woman Influencer Captures Her First Time In Mumbai Local,The influencer travelled to Dadar Station in Mumbai through a local train in a general coach.,2024-08-08 05:33:35,https://images.news18.com/ibnlive/uploads/2024/08/img-2-2024-08-08t110259.870-2024-08-2dd05c62dc7ef99c4510c10f99765ff9-16x9.jpg?impolicy=website&width=1200&height=675,News18,0.9698786560206338,16,31,120,28,65
39,Gnews,https://indianexpress.com/article/delhi-confidential/delhi-confidential-report-card-9501590/,Delhi Confidential: Report Card,"Intervening in a lighter vein, Chairman Jagdeep Dhankhar said former chairman of Central Board of Direct Taxes (referring to Rajya Sabha Secretary General P C Mody), however, reports to him. To this, Singh said that he (Mody) is reporting ‘correctly’.",2024-08-07 22:57:42,https://images.indianexpress.com/2024/08/digv.jpg,The Indian Express,1.6012009913816984e-49,3,9,74,2,29
40,Gnews,https://www.news18.com/politics/suvendu-effect-bjp-puts-its-bengal-leaders-under-gag-order-on-bangladesh-unrest-8993626.html,Suvendu Effect? BJP Puts Its Bengal Leaders under 'Gag Order' on Bangladesh Unrest,"Sources said a senior BJP general secretary informally issued the order, prohibiting even senior state leaders from speaking on the matter. This development comes close on the heels of BJP’s West Bengal leader of opposition Suvendu Adhikari making a sensational claim that the state should be ready for 1 crore Hindu refugees from Bangladesh which witnessed a regime change",2024-08-07 16:35:55,https://images.news18.com/ibnlive/uploads/2024/05/mamata-banerjee-suvendu-adhikari-2024-05-3d2b249a30375048f43a1e99655e3862-16x9.jpg?impolicy=website&width=1200&height=675,News18,0.0014225656273461837,14,27,158,19,85
41,Gnews,https://www.indiatvnews.com/news/world/bangladesh-interim-govt-led-by-nobel-laureate-muhammad-yunus-to-be-sworn-in-on-august-8-announces-army-chief-waker-uz-zaman-2024-08-07-945744,Bangladesh interim govt led by Nobel laureate Muhammad Yunus to be sworn in tomorrow: Army Chief,"Army Chief General Waker-Uz-Zaman announced that an interim government, led by Nobel Laureate Professor Muhammad Yunus, is set to be sworn in on Thursday (August 8).",2024-08-07 13:20:41,https://resize.indiatvnews.com/en/resize/newbucket/1200_-/2024/08/nobel-peace-prize-laureate-muhammad-yunus-1723036812.jpg,India TV News,1.6339840141953544e-09,14,39,181,13,79
42,Gnews,https://www.firstpost.com/world/muhammad-yunis-led-interim-govt-to-be-sworn-in-tomorrow-says-bangladesh-army-chief-13802109.html,"Muhammad Yunis-led interim govt to be sworn in tomorrow, says Bangladesh Army Chief","In a televised address to the nation, General Waker-Uz-Zaman said the interim government will take oath at 8:00 pm on Thursday",2024-08-07 13:11:36,"https://images.firstpost.com/uploads/2024/08/Muhammad-Yunus-1-Reuters-2024-08-09592007da87cadc69cb937d61aad877.jpg?im=FitAndFill=(1200,675)",Firstpost,0.035794261824874676,11,20,94,13,57
43,Gnews,https://www.devdiscourse.com/article/law-order/3046452-general-anil-chauhan-highlights-indias-security-challenges-and-global-defence-disruption,General Anil Chauhan Highlights India's Security Challenges and Global Defence Disruption,"General Anil Chauhan, Chief of Defence Staff, addressed key security challenges faced by India, including Pakistan's proxy war in Jammu and Kashmir and the border dispute with China. He emphasized the significance of civil-military fusion and self-reliance in defense amid global geopolitical flux and disruptions in supply chains.",2024-08-08 18:10:22,https://www.devdiscourse.com/remote.axd?https://devdiscourse.blob.core.windows.net/devnews/18_07_2024_20_14_13_6543502.jpg?width=920&format=jpeg,Devdiscourse,4.651546195214495e-13,5,26,85,4,25
44,Gnews,https://www.indiatvnews.com/news/india/aaj-ki-baat-waqf-amendment-bill-jpc-joint-parliamentary-committee-vinesh-phogat-announces-retirement-paris-olympics-2024-latest-updates-2024-08-08-945939,"Aaj Ki Baat: Full episode, August 8, 2024","India's number one and most followed Super Prime Time News Show, ‘Aaj Ki Baat-Rajat Sharma Ke Saath' was launched just before the 2014 general elections.",2024-08-08 15:00:27,https://resize.indiatvnews.com/en/resize/newbucket/1200_-/2024/08/aaj-ki-baat-image-1723127458.jpg,India TV News,1.3182839965660311e-08,7,6,65,3,14
45,Gnews,https://www.indiatvnews.com/business/news/rbi-governor-shaktikanta-das-announcements-how-will-it-affect-common-people-here-are-5-key-points-latest-updates-2024-08-08-945904,RBI's big announcements: How will it affect common people? Here are 5 key points,RBI Governor Shaktikanta Das made several significant announcements today. Let's understand how these changes might impact the general public.,2024-08-08 11:57:28,https://resize.indiatvnews.com/en/resize/newbucket/1200_-/2024/08/rbi-1723116471.jpg,India TV News,9.077620480785665e-40,15,30,125,4,65
46,Gnews,https://www.firstpost.com/world/resign-within-24-hour-bangladesh-chief-justice-gets-ultimatum-amid-unrest-13802413.html,Resign within 24 hour: Bangladesh Chief Justice gets ultimatum amid unrest,"Former president of the Dhaka Bar Advocate Mohsin Mia, former president Khorhshed Alam, former general secretary Omar Faruq Faruqi, former general secretary Khorhshed Mia Alam and hundreds of other lawyers took part in the protests, according to a report by Dhaka Tribune",2024-08-08 09:36:18,"https://images.firstpost.com/uploads/2024/08/Bangladesprotests1200-2024-08-34e9c1dc2b98f9916ba62da44e32bc8c.jpg?im=FitAndFill=(1200,675)",Firstpost,1.459665553166976e-09,10,30,159,11,50
47,Gnews,https://indianexpress.com/article/world/austria-finds-chemicals-in-house-of-suspected-taylor-swift-concert-attack-plotter-9502410/,Austria finds chemicals in house of suspected Taylor Swift concert attack plotter,"The teenager, with North Macedonian roots, is considered the main suspect, working closely with a 17-year-old Austrian, general director for public security Frankz Ruf told ORF radio.",2024-08-08 09:07:47,https://images.indianexpress.com/2024/08/Untitled-design-22-1.jpg,The Indian Express,2.7812281663764762e-21,9,24,114,6,59
48,Gnews,https://www.news18.com/politics/tall-left-leader-but-not-textbook-communist-buddhadeb-bhattacharjee-stood-witness-to-breach-of-bengals-red-fort-8994120.html,Buddhadeb Bhattacharjee: The General of the Reds Who Failed to Realise His 'Shining Bengal' Dreams,"Bhattacharjee was a true patron of Bengali culture and literature. He scripted over a dozen books and translation works, continued writing letters to his comrades and penned articles based on contemporary politics",2024-08-08 07:25:58,https://images.news18.com/ibnlive/uploads/2024/08/buddhadeb-2024-08-b8a8d6f04101b4807d7f52f32c6f7fcc-16x9.jpg?impolicy=website&width=1200&height=675,News18,0.47895766632957815,38,71,310,47,145
49,Gnews,https://www.indiatvnews.com/news/world/president-murmu-begins-new-zealand-tour-holds-bilateral-talks-with-deputy-pm-governor-general-updates-2024-08-08-945838,"President Murmu begins New Zealand tour, holds bilateral talks with deputy PM, Governor General","President Murmu was accorded Royal Guard of Honour on her arrival in New Zealand and later addressed an education conference in Wellington. This is the second leg of her three-nation trip after Fiji, where she was conferred the country's highest honour on Tuesday.",2024-08-08 06:16:13,https://resize.indiatvnews.com/en/resize/newbucket/1200_-/2024/08/president-murmuy-1723097714.jpg,India TV News,0.020218968695403912,25,50,235,30,76
50,Gnews,https://www.news18.com/india/president-murmu-discusses-ways-to-boost-bilateral-cooperation-with-new-zealands-governor-general-deputy-pm-8993868.html,"President Murmu Discusses Ways to Boost Bilateral Cooperation with New Zealand's Governor General, Deputy PM",Murmu arrived in New Zealand on Wednesday on the second leg of her three-nation tour. She was accorded Royal Guard of Honour on her arrival in the country.,2024-08-08 04:21:37,https://images.news18.com/ibnlive/uploads/2024/08/murmu-new-zealand-2024-08-c0412b0d7105464eb10da161c3660fc2-16x9.png?impolicy=website&width=1200&height=675,News18,0.00010957172399548128,13,47,161,20,55
51,Gnews,https://indianexpress.com/article/world/us-surgeon-general-politics-jumped-into-the-fray-9508276/,"US surgeon general was warned by his mom to avoid politics, but he jumped into the fray anyway","Nominated by Obama as surgeon general, Dr Vivek Murthy made comments calling guns a health care issue, something that delayed his confirmation until late 2014.",2024-08-11 14:47:54,https://images.indianexpress.com/2024/08/Vivek_Murthy_Surgeon_General_profile.jpg,The Indian Express,0.999702628646735,46,75,355,82,181
52,Gnews,https://www.devdiscourse.com/article/health/3049122-from-surgeon-to-advocate-dr-vivek-murthys-battle-on-gun-violence-and-mental-health,From Surgeon to Advocate: Dr. Vivek Murthy's Battle on Gun Violence and Mental Health,"Dr. Vivek Murthy, the U.S. Surgeon General, has become a prominent figure in addressing gun violence and mental health issues. Initially dodging politics, he now advocates for significant legislative changes. His reports provide alarming statistics and heartfelt stories, urging Congress to act and framing gun violence as a public health crisis.",2024-08-11 13:16:39,https://www.devdiscourse.com/remote.axd?https://devdiscourse.blob.core.windows.net/devnews/10_01_2024_14_56_49_7145229.jpg?width=920&format=jpeg,Devdiscourse,0.9968863694416081,75,118,483,108,262
53,Gnews,https://indianexpress.com/article/cities/kolkata/rg-kar-hospital-west-bengal-lady-doctor-9507402/,"‘You know what happened in RG Kar?’: Civics volunteer threatens West Bengal lady doctor, arrested","The incident at Bhatar state general hospital has fuelled the safety concerns of health officials in West Bengal, especially after RG Kar hospital rape and murder case.",2024-08-11 04:53:07,https://images.indianexpress.com/2024/08/west-bengal-protest.jpg,The Indian Express,0.0016908583866216166,8,17,105,12,41
54,Gnews,https://indianexpress.com/article/india/chhattisgarh-five-held-extorting-tendu-leaf-contractors-finance-naxalites-9506922/,Chhattisgarh: Five held for extorting from tendu leaf contractors to finance Naxalites,"""They have been taken into custody,"" Inspector General of Police Rajnandgaon (Range) Deepak Jha said.",2024-08-10 17:24:54,https://images.indianexpress.com/2024/08/booked_2a5db4_20240810172112.jpg,The Indian Express,1.5111940648692525e-11,4,16,121,9,50
55,Gnews,https://www.firstpost.com/firstcricket/sports-news/womens-t20-world-cup-bangladesh-cricket-board-bcb-army-security-assurance-13803241.html,Bangladesh Cricket Board approach country's Army for security assurance in hosting Women's T20 World Cup: Report,"The BCB on Thursday wrote a letter to Bangladesh Army chief of staff General Waker-Uz-Zaman, requesting for security assurance. Women's T20 World Cup warm-up matches are scheduled to begin on 27 September.",2024-08-10 13:55:35,"https://images.firstpost.com/uploads/2024/08/2024-08-07T020755Z_1652880070_RC25A9A4MKJI_RTRMADP_3_BANGLADESH-PROTESTS-RECONSTRUCT-1-2024-08-306469f9bd39773fc534266de857142c-1200x675.jpg?im=FitAndFill=(1200,675)",Firstpost,0.0009262663814874884,11,18,155,13,72
56,Gnews,https://www.deccanchronicle.com/business/companies/air-india-vistara-gets-dgca-approval-to-integrate-aircraft-line-maintenance-operations-1815374,"Air India, Vistara gets DGCA approval to integrate aircraft line maintenance operations","Gurugram (Haryana): In a significant move towards operational synergy, Air India and Vistara have secured the CAR (Civil Aviation Requirement) 145 approval from the Directorate General of Civil...",2024-08-10 02:30:00,https://www.deccanchronicle.com/h-upload/2024/08/10/1829978-ani-20240809110431.webp,Deccan Chronicle,6.135998626982378e-35,10,30,112,3,50
57,Gnews,https://theprint.in/feature/vigyapanti/a-yellow-raincoat-in-an-amazon-package-how-the-brand-delivered-the-love-this-monsoon/2216667/,A yellow raincoat in an Amazon package-how the brand 'delivered the love' this monsoon,"The latest iteration of the campaign steps away from family and sibling ties. Instead, it draws attention to everyday interactions like those with newspaper vendors, general store owners.",2024-08-10 02:00:59,https://static.theprint.in/wp-content/uploads/2024/08/Untitled-design-16.jpg,ThePrint,0.9924650711382972,37,50,241,45,120
58,Gnews,https://indianexpress.com/article/india/parties-on-bangladesh-turmoil-congress-treads-cautiously-bjp-rss-focus-on-threat-to-hindus-9505626/,"Parties on Bangladesh turmoil: Congress treads cautiously, BJP & RSS focus on ‘threat to Hindus’","While the Congress has kept its reactions largely general and measured, with a passing mention of minorities, the BJP and the RSS have underlined the threat to “Hindus” and other minorities in Bangladesh.",2024-08-09 22:30:19,https://images.indianexpress.com/2024/08/hosabale1-4col.jpg,The Indian Express,1.4179835148322207e-07,12,34,175,16,80
59,Gnews,https://indianexpress.com/article/india/shadow-over-trademarks-after-hc-says-hiring-contract-staff-in-patent-office-illegal-9505592/,Shadow over trademarks after HC says hiring contract staff in patent office illegal,"According to the Annual Report for 2022-2023 published by the Office of the Controller General, a total of 2,31,977 trademarks were registered in 2022-23 while 2,61408 trademarks were registered in 2021-22.",2024-08-09 21:48:48,https://images.indianexpress.com/2024/08/Calcutta-High-Court-2.jpg,The Indian Express,1.64890262279449e-16,12,28,177,11,84
60,Gnews,https://indianexpress.com/article/cities/pune/ftii-full-time-director-gap-9505039/,FTII gets a full-time director after a gap of two-and-a-half years,"Singh, an IIS officer of 1995 batch, has been serving as an additional director general with the Press Information Bureau.",2024-08-09 14:08:06,https://images.indianexpress.com/2024/08/WhatsApp-Image-2024-08-09-at-7.08.26-PM.jpeg,The Indian Express,2.087087354816051e-07,5,27,135,12,52
61,Gnews,https://indianexpress.com/article/india/sc-judgement-bail-plea-tn-minister-senthil-balaji-money-laundering-9509633/,SC reserves judgement on bail plea of former TN minister Senthil Balaji in money laundering case,"A bench of Justices Abhay S Oka and Augustine George Masih heard the submissions of Solicitor General Tushar Mehta, representing the Enforcement Directorate (ED), and senior advocates Mukul Rohatagi and Sidharth Luthra, appearing for Balaji.",2024-08-12 10:51:48,https://images.indianexpress.com/2024/08/Senthil-Balaji.jpg,The Indian Express,2.6539875939444046e-06,10,29,142,13,65
62,Gnews,https://www.devdiscourse.com/article/politics/3049691-mass-arrests-of-chadema-leaders-spark-tensions-in-tanzania,Mass Arrests of CHADEMA Leaders Spark Tensions in Tanzania,Tanzanian police arrested senior leaders of the main opposition party CHADEMA and hundreds of supporters ahead of a scheduled meeting. Among those detained were Vice Chairman Tundu Lissu and Secretary General John Mnyika. The arrests come amid rising political tensions under President Samia Suluhu Hassan's administration.,2024-08-12 09:49:16,https://www.devdiscourse.com/remote.axd?https://devdiscourse.blob.core.windows.net/aiimagegallery/31_07_2024_13_30_36_303765.png?width=920&format=jpeg,Devdiscourse,1.2188022086435157e-10,2,12,55,4,25
63,Gnews,https://www.firstpost.com/world/useful-job-and-above-all-safer-palestinians-return-to-farming-as-war-halts-israel-permits-13803700.html,'Useful job and above all safer': Palestinians return to farming as war halts Israel permits,"As many as 200,000 Palestinians from the West Bank were working in Israel legally or illegally and lost their livelihoods overnight, according to the Palestinian General Confederation of Labour",2024-08-12 09:08:40,"https://images.firstpost.com/uploads/2024/08/PalestinianIsraelConflictFarming-1200-2024-08-413e7e834c9e50f57a5352075557523a.jpg?im=FitAndFill=(1200,675)",Firstpost,0.14182973590604664,41,58,234,31,136
64,Gnews,https://www.firstpost.com/world/return-illegal-firearms-by-august-19-or-face-consequences-bangladesh-govt-warns-protesters-13803689.html,"Return illegal firearms by August 19 or face consequences, Bangladesh govt warns protesters","Home Affairs Adviser Brigadier General (retd) M Sakhawat Hussain on Monday said if those arms were not returned to nearby police stations, then the authorities would lodge charges against those who are in possession of the illegal weapons",2024-08-12 08:34:09,"https://images.firstpost.com/uploads/2024/08/Untitled-design-2024-08-10T165201.761-2024-08-84f351daa2bc26d877237cf509d9d3e6.jpg?im=FitAndFill=(1200,675)",Firstpost,0.0011542533284593381,12,20,127,16,68
65,Gnews,https://www.deccanchronicle.com/world/neighbours/bangladesh-interim-govt-urges-protesters-to-surrender-all-illegal-firearms-within-a-week-1815768,Bangladesh interim govt urges protesters to surrender all illegal firearms within a week,"Dhaka: Bangladesh interim government's Home Affairs Adviser Brigadier General (retd) M Sakhawat Hussain on Monday asked protesters to surrender by August 19 all illegal and unauthorised firearms,...",2024-08-12 08:02:00,https://www.deccanchronicle.com/h-upload/2024/08/12/1830409-aa-2821737.webp,Deccan Chronicle,0.09381244889386904,9,17,96,13,55
66,Gnews,https://www.devdiscourse.com/article/headlines/3049550-neet-rates-and-gender-disparities-remain-persistent-despite-youth-employment-improves-ilo-report-reveals,"NEET Rates and Gender Disparities Remain Persistent, Despite Youth Employment Improves, ILO Report Reveals","Gilbert F. Houngbo, ILO Director-General, emphasizes the critical role of decent work in fostering stability, inclusion, and social justice.",2024-08-12 06:23:07,https://www.devdiscourse.com/remote.axd?https://devdiscourse.blob.core.windows.net/aiimagegallery/11_08_2024_22_00_40_4495024.png?width=920&format=jpeg,Devdiscourse,8.632577832119264e-07,21,67,157,10,70
67,Gnews,https://indianexpress.com/article/india/hindenburg-report-opposition-warns-of-nationwide-protest-if-jpc-probe-demand-not-met-9510513/,Hindenburg report: Opposition warns of nationwide protest if JPC probe demand not met,Congress general secretary in charge (organisation) K C Venugopal said the party would hold a nationwide protest if the Opposition’s demand for a JPC probe is not accepted.,2024-08-12 22:51:21,https://images.indianexpress.com/2024/08/KC-ghose.jpg,The Indian Express,3.124237445528794e-08,30,55,346,27,167
68,Gnews,https://indianexpress.com/article/cities/ahmedabad/gujarat-confidential-extra-question-hour-9510473/,Gujarat Confidential: Extra Question Hour,Workers and leaders of the Congress have used the forum to raise local issues as little discussion happens at the quarterly RMC general board meetings and rarely do corporators from the Opposition get a chance to ask questions during the Question Hour.,2024-08-12 20:36:37,https://images.indianexpress.com/2024/08/gujarat-confidential.jpg,The Indian Express,1.9777027138133367e-57,2,7,50,1,15
69,Gnews,https://www.indiatvnews.com/aaj-ki-baat/news-aaj-ki-baat-full-episode-august-13-bangladesh-protests-resident-doctors-strike-up-police-arrests-dimple-yadav-2024-08-12-946601,"Aaj Ki Baat: Full episode, August 13, 2024","India's number one and most followed Super Prime Time News Show, ‘Aaj Ki Baat-Rajat Sharma Ke Saath' was launched just before the 2014 general elections.",2024-08-12 18:20:52,https://resize.indiatvnews.com/en/resize/newbucket/1200_-/2024/03/akb-1711379853.jpg,India TV News,1.525373004465742e-13,5,10,81,3,14
70,Gnews,https://indianexpress.com/article/world/ukraine-detains-deputy-energy-minister-in-500000-bribery-scandal-9510289/,"Ukraine detains deputy energy minister in $500,000 bribery scandal","The Prosecutor General’s Office revealed that the suspects were caught ""red-handed"" while receiving a portion of the $500,000 bribe.",2024-08-12 17:53:06,https://images.indianexpress.com/2024/08/Untitled-design-25-3.jpg,The Indian Express,1.0857813525416684e-33,11,27,104,3,50
71,Gnews,https://indianexpress.com/article/india/bsf-tripura-infiltration-bid-police-bangladeshi-citizens-9510197/,BSF thwarts major infiltration bid in Tripura; state police nab 4 Bangladeshi citizens near Agartala,"Patel Piyush Purusottam Das, Inspector General, BSF (Tripura Frontiers), also conducted a two-day tour of border areas in North Tripura and Unakoti districts last week",2024-08-12 16:12:59,https://images.indianexpress.com/2024/08/bsf_af6ae3.jpg,The Indian Express,3.236890556300885e-16,8,33,179,8,57
72,Gnews,https://www.indiatvnews.com/north-east/tripura/bsf-fires-one-round-prevents-bangladeshis-from-infiltrating-tripura-border-using-inclement-weather-latest-updates-2024-08-12-946585,"BSF fires one round, prevents Bangladeshis from infiltrating Tripura border using inclement weather","Bangladesh interim government’s Home Affairs Adviser Brigadier General (retd) M Sakhawat Hussain on Monday asked protesters to surrender by August 19 all illegal and unauthorised firearms, including the rifles looted from law enforcers during the recent violence.",2024-08-12 14:54:02,https://resize.indiatvnews.com/en/resize/newbucket/1200_-/2024/08/bsf-1-1723474353.jpg,India TV News,5.3963288676602864e-21,5,24,152,7,49
73,Gnews,https://indianexpress.com/article/who-is/faiz-hameed-the-former-isi-chief-embroiled-in-top-city-case-9510024/,Faiz Hameed: The former ISI chief embroiled in Top City case,Lieutenant General Faiz Hameed was appointed as the chief of the ISI in June 2019.,2024-08-12 14:20:33,https://images.indianexpress.com/2024/08/WhatsApp-Image-2024-08-12-at-18.43.01-1.jpeg,The Indian Express,9.105432997464171e-08,12,48,233,18,79
74,Gnews,https://indianexpress.com/article/cities/delhi/atishi-arvind-kejriwals-substitute-hoist-tricolour-independence-day-event-9511223/,Will Atishi be Arvind Kejriwal’s substitute? No end to suspense over who will hoist Tricolour at Delhi govt Independence Day event,Delhi General Administration Department said Arvind Kejriwal's direction to authorise Atishi to hoist the national flag was “legally invalid and cannot be acted upon”.,2024-08-13 07:17:23,https://images.indianexpress.com/2023/08/tricolour.jpg,The Indian Express,9.357523839898138e-09,10,35,160,11,67
75,Gnews,https://www.firstpost.com/explainers/faiz-hameed-former-pakistan-isi-chief-arrested-charges-13804041.html,"Who is Faiz Hameed, former ISI chief, who has been arrested by Pakistan army? What are the charges against him?","In an unprecedented move, the Pakistan army arrested and initiated court martial proceedings against Lt General Faiz Hameed, the former chief of the Inter-Services Intelligence (ISI). Hameed has long been a controversial figure in Pakistan politics with his downfall stemming from allegations over a housing scheme scandal known as the Top City case",2024-08-13 06:54:00,"https://images.firstpost.com/uploads/2024/08/hameed1-2024-08-febbaaea4034165d5fcb52486fa992f3.jpg?im=FitAndFill=(1200,675)",Firstpost,2.4231163751284734e-05,32,81,488,44,191
76,Gnews,https://www.devdiscourse.com/article/law-order/3050203-supreme-court-extends-bail-for-businessman-in-delhi-excise-policy-scam,Supreme Court Extends Bail for Businessman in Delhi Excise Policy Scam,"The Supreme Court extended the interim bail of businessman Abhishek Boinpally, involved in a money laundering case related to the Delhi excise policy scam. The case is postponed to October 14 due to the absence of Additional Solicitor General S V Raju. Boinpally's bail extension follows multiple previous extensions since March 2023.",2024-08-13 06:35:46,https://www.devdiscourse.com/remote.axd?https://devdiscourse.blob.core.windows.net/aiimagegallery/06_08_2024_11_21_41_3037211.png?width=920&format=jpeg,Devdiscourse,2.5879877615289883e-42,2,13,107,3,34
77,Gnews,https://www.news18.com/world/bangladesh-un-chief-welcomes-efforts-to-hold-polls-us-denies-involvement-in-crisis-updates-9013856.html,"Bangladesh: UN Chief Welcomes Efforts To Hold Polls, US Denies Involvement in Crisis","Saying he stands in full solidarity with the people of Bangladesh, UN secretary-general Antonio Guterres urged new interim leader Muhammad Yunus to continue to make every effort in the coming weeks to be inclusive",2024-08-13 06:34:45,https://images.news18.com/ibnlive/uploads/2024/08/untitled-design-43-2024-08-2fb01fc3a14d4223932bd3541f1fabd8-16x9.jpg?impolicy=website&width=1200&height=675,News18,1.1544766382194573e-05,38,113,426,44,224
78,Gnews,https://www.indiatvnews.com/delhi/atishi-can-t-hoist-national-flag-on-independence-day-as-requested-by-cm-arvind-kejriwal-says-gad-lg-2024-08-13-946651,"Atishi can't hoist national flag on Independence Day as requested by CM Kejriwal, says GAD",General Administration along with all concerned Departments are making all arrangements for the Independence Day Function at Chhatrasal Stadium as per past practice.,2024-08-13 05:51:56,https://resize.indiatvnews.com/en/resize/newbucket/1200_-/2024/08/PTI08_05_2024_000098B.jpg,India TV News,8.236216322954865e-06,13,17,145,14,60
