id,apiname,url,title,summary,published,imageurl,source,score,adverb_count,adjective_count,noun_count,pronoun_count,verb_count
1,Newsdata,https://www.boorowanewsonline.com.au/story/8715077/olympics-2024-australias-women-shine-us-medal-count-under-fire/?src=rss,Fool's gold: countries fudge results to hit the top of medal tally,Everyone is doing their best to boost their medal tally.,2024-08-02 04:28:00,https://www.boorowanewsonline.com.au/images/transform/v1/crop/frm/187052684/7c7ad002-9164-4f11-905e-a482199f6944.jpg/r1_0_1199_675_w600_h338_fmax.jpg,boorowanewsonline,0.9999999986752899,2,1,15,3,7
2,Newsdata,https://www.chip.de/news/Wichtige-Umstellung-ab-sofort-Was-sich-fuer-PayPal-Kunden-jetzt-aendert_185361706.html,PayPal-Kunden aufgepasst: Was sich jetzt in dem Bezahldienst ändert,"Ab sofort gilt bei PayPal eine wichtige Änderung. Erfahren Sie hier, was das bedeutet und wer davon betroffen ist.",2024-08-02 04:28:00,https://www.chip.de/ii/1/2/6/9/4/6/0/4/2/payPal_Umstellung_2-834b7369432decb8.jpg,chip,0.9999999999999962,0,0,0,0,0
3,Newsdata,https://www.chosun.com/entertainments/music/2024/08/02/7U7BIGEPF5OWBAEWQ5YUAMGYYY/,"""K팝 차세대 보이밴드""...TWS, 美 '아이하트라디오 라이브'출연",[OSEN=선미경 기자] 그룹 TWS(투어스)가 미국 팬들과 잇단 만남을 통해 ‘글로벌 핫 루키’로서 활약을 이어가고 있다. TWS(신유·도훈·영재·한진·지훈·경민)는 지난달 30일(현지시각) 미국 로스앤젤레스 아이하트라디오 씨어터에서 진행된 ‘아이하트라디오 라이브(iHeartRadio LIVE with TWS)’에 출연했다. ‘아이하트라디오 라이브’는,2024-08-02 04:28:00,https://www.chosun.com/resizer/v2/P7I2SS7OLKGWYYBXPSPI6LFBV4.jpg?auth=f0b0b8d28e538cf622f2fe48c802bb9d514c5b06dd54a2b521f5076ff52ef50b&height=432&smart=true&width=650,chosun,0.9999999999999962,0,0,0,0,0
4,Newsdata,https://www.bola.net/champions/10-pemain-nomor-punggung-15-terbaik-dunia-lionel-messi-sergio-ramos-hingga-nemanja-vidic-427b3f.html,"10 Pemain Nomor Punggung 15 Terbaik Dunia: Lionel Messi, Sergio Ramos, hingga Nemanja Vidic","Tahun ini Bola.net berulang tahun ke-15. Angka 15 melekat dengan identitas sederet pemain top dunia, beberapa dari mereka sukses mencatatkan prestasi gemilang dalam kariernya.",2024-08-02 04:28:00,https://cdns.klimg.com/bola.net/library/upload/21/2024/08/25-tahun_f3e2766.jpg,bola,0.9999999999999962,0,0,0,0,0
5,Newsdata,https://giadinh.suckhoedoisong.vn/mot-nguoi-dan-ong-o-quang-tri-bi-chem-trong-thuong-172240802111708676.htm,Một người đàn ông ở Quảng Trị bị chém trọng thương,"GĐXH - Sau khi đến nhà ông K., Hai đã dùng rựa chém nạn nhân khiến ông này bị thương và phải đi cấp cứu. Hiện Công an tỉnh Quảng Trị đã bắt giữ đối tượng.",2024-08-02 04:28:00,https://giadinh.mediacdn.vn/zoom/700_438/296230595582509056/2024/8/2/nguoi-dan-ong-bi-chem-trong-thuong-1722572009145947840076-45-0-1645-2560-crop-17225720489711196974905.jpeg,giadinhsuckhoedoisong,1.361298048021306e-15,0,9,49,0,4
6,Newsdata,https://www.jpost.com/breaking-news/article-813013,Shas minister denounces protesters against rabbi supporting IDF haredi draft,,2024-08-02 04:28:00,"https://images.jpost.com/image/upload/q_auto/c_fill,g_faces:center,h_537,w_822/534687",jpost,1.8221375656495509e-13,1,8,43,3,21
7,Newsdata,https://www.ettoday.net/news/20240802/2789462.htm,奧運夢碎!香港選手稱鐵三服被「對手扯爛」 他崩潰:被迫退賽,"香港鐵人三項選手伍泰龍7月31日稱在奧運比賽中,遭「對手扯爛鐵三服」導致自己不得不在中途退賽。他在賽後哭訴,「整件鐵三服不停入水,像降落傘一樣,我準備了4年,但奧林匹克夢2分鐘就被破壞了」。 《詳全文...》",2024-08-02 04:28:00,https://cdn2.ettoday.net/images/7778/c7778709.jpg,ettoday,0.9999999999999962,0,0,0,0,0
8,Newsdata,https://www.rainews.it/video/2024/08/larrivo-di-evan-gershkovich-negli-stati-uniti-labbraccio-con-joe-biden-e-kamala-harris-scambio-di-prigionieri-529d644a-1407-4189-90fc-9bc36b957ef7.html,L'arrivo di Evan Gershkovich negli Stati Uniti: l'abbraccio con Joe Biden e Kamala Harris,Il presidente americano e la vicepresidente hanno accolto il giornalista e gli altri due americani che sono tornati sul suolo Usa dopo essere stati liberati dalla Russia in uno storico scambio di prigionieri,2024-08-02 04:28:00,https://www.rainews.it/dl/img/2024/08/02/1722572994699_Usa_larrivo_dei_prigionieri_liberati__agosto_.jpg,rainews,0.9999999999999962,0,0,0,0,0
9,Newsdata,https://www.cbsnews.com/video/biden-harris-speak-on-u-s-russia-prisoner-swap/,"Biden, Harris speak on U.S., Russia prisoner swap","President Biden and Vice President Kamala Harris spoke to reporters on the tarmac of Joint Base Andrews in Maryland after welcoming home three Americans released as part of the prisoner swap with Russia. Mr. Biden said that ""the toughest call on this one was for other countries, because I asked them to do some things that were against their immediate self-interest.""",2024-08-02 04:28:00,https://assets3.cbsnewsstatic.com/hub/i/r/2024/08/02/0f053536-a7c4-459b-a294-1304c44aa7d9/thumbnail/60x60/2d11b8810ea1a183c1f84a720e7026e6/cbsn-fusion-biden-harris-speak-on-u-s-russia-prisoner-swap-thumbnail.jpg?v=d7dedd293aad546f97f947149642d369,cbsnews,0.0031661395125001084,0,3,26,3,8
10,Newsdata,https://www.elporvenir.mx/nacional/damos-seguimiento-a-resultado-electoral-en-venezuela-dice-canciller/756446,"Damos seguimiento a resultado electoral en Venezuela, dice canciller",La canciller Bárcena presentó información del seguimiento que se hace del proceso electoral venezolano.,2024-08-02 15:04:00,https://elporvenir.blob.core.windows.net.optimalcdn.com/images/2024/08/02/barcena-focus-min0.05-0.27-360-276.jpg,elporvenir_mx,0.9999999999999962,0,0,0,0,0
11,Newsdata,https://e-noticies.cat/consum/novetat-mercadona-encantara-mascota-cuida-protegeix-salut,La novetat de Mercadona que encantarà a la teva mascota: cuida i protegeix la salut,"Així, Mercadona ofereix una nova alternativa que ajudarà a millorar la salut de la nostra mascota",2024-08-02 15:04:00,https://e-noticies.cat/filesedc/uploads/image/post/mercadona-gato-snack-nuevo_1600_1067.jpg,enoticies,8.523913564978716e-08,3,74,273,0,47
12,Newsdata,https://www.spiegel.de/sport/olympia/olympia-2024-lorian-unruh-und-michelle-kroppen-holen-silber-im-bogenschiessen-a-3bba2302-f7ba-4ce4-a742-7503e86e3aa8,Olympia 2024: Florian Unruh und Michelle Kroppen holen Silber im Bogenschießen,Silber-Coup für Florian Unruh und Michelle Kroppen: Das deutsche Mixed-Team im Bogenschießen musste sich im Finale nur den Favoriten aus Südkorea geschlagen geben.,2024-08-02 15:04:00,https://cdn.prod.www.spiegel.de/images/f4a70c99-0dee-4e3d-a010-bd32dab4d570_w520_r2.08_fpx64_fpy7.jpg,spiegel,7.581320161276514e-41,0,2,36,1,8
13,Newsdata,https://hindi.theprint.in/india/economy/ola-electric-mobility-ipo-subscribed-35-on-day-one/714784/,ओला इलेक्ट्रिक मोबिलिटी के आईपीओ को पहले दिन 35 प्रतिशत अभिदान मिला,"नयी दिल्ली, दो अगस्त (भाषा) इलेक्ट्रिक दोपहिया वाहन बनाने वाली कंपनी ओला इलेक्ट्रिक मोबिलिटी के 6,145 करोड़ रुपये के आरंभिक सार्वजनिक निर्गम (आईपीओ) को पेशकश के पहले दिन शुक्रवार को सिर्फ 35 प्रतिशत अभिदान मिला। नेशनल स्टॉक एक्सचेंज (एनएसई) पर शाम पांच बजे तक उपलब्ध आंकड़ों के मुताबिक, इस निर्गम के तहत की गई 46.51 [...]",2024-08-02 15:04:00,https://statichindi.theprint.in/wp-content/plugins/gumlet/assets/images/pixel.png,theprint_hi,0.9999999999999962,0,0,0,0,0
14,Newsdata,https://slobodnadalmacija.hr/split-i-zupanija/zagora/znate-li-odakle-potjece-izraz-pijan-k-o-majka-sinjani-su-dali-urnebesne-odgovore-to-su-majke-radale-pijanace-1408615,Znate li odakle potječe izraz ‘pijan k‘o majka‘? Sinjani su dali urnebesne odgovore: ‘To su majke rađale pijance!‘,"Hrvatska zauzima visoko mjesto u Europi kada je riječ o postotku ljudi koji konzumiraju alkohol u svakoj mogućoj prilici. Pije se kad se slavi i kad se tuguje, a potoci alkohola teku na vjenčanjima, utakmicama, rođendanima, blagdanima i svim drugim feštama. Sigurno ste čuli da se u narodnom govoru k...",2024-08-02 15:04:00,https://static.slobodnadalmacija.hr/images/slike/2024/08/01/27715605.png,slobodnadalmacija,0.9999999999999962,0,0,0,0,0
15,Newsdata,https://news.sbs.co.kr/news/endPage.do?news_id=N1007748556,"[속보] 임시현·김우진, 양궁 혼성전 금메달...올림픽 2관왕 등극","임시현·김우진, 양궁 혼성전 금메달...올림픽 2관왕 등극(SBS 디지털뉴스편집부 / 사진=연합뉴스)",2024-08-02 15:04:00,https://img.sbs.co.kr/newimg/news/20240802/201967603_1280.png,sbs_ko,0.9999999999999962,0,0,0,0,0
16,Newsdata,https://www.lavozdegalicia.es/noticia/arousa/cambados/2024/08/02/ojo-moviles-festa-do-albarino/00031722610090112197491.htm,Ojo con los móviles en la Festa do Albariño,Denuncian el robo y extravío de numerosos teléfonos,2024-08-02 15:04:00,https://cflvdg.avoz.es/sc/raIEkLuFjaUAj4a17Rbu5IhLZ5Y=/768x/2024/08/02/00121722610801531788358/Foto/A_20240802_141604001.jpg,lavozdegalicia,0.9999999999999962,0,0,0,0,0
17,Newsdata,https://www.express.co.uk/sport/boxing/1931465/Kellie-Maloney-Frank-Lennox-Lewis-LGBT-Transgender,Kellie Maloney opens up on gender reassignment and struggles transitioning to woman,"Kellie Maloney has opened up on the struggles she faced as a woman living in a man's body for decades, before bravely undergoing gender reassignment in 2014.",2024-08-02 15:04:00,https://cdn.images.express.co.uk/img/dynamic/102/590x/1931465_1.jpg,expresscouk,0.9999768200296286,20,30,154,41,105
18,Newsdata,https://www.hitc.com/team-mate-pays-tribute-as-he-tips-6m-ace-for-success-at-nottingham-forest/,'Wish him every success': Team-mate pays tribute as Nottingham Forest land £6m bargain,Nottingham Forest won the race ahead of many Premier League rivals...,2024-08-02 18:00:00,https://www.hitc.com/static/uploads/2024/08/GettyImages-2046565635-1024x695.jpg,hitc,0.3287796039422926,31,59,223,39,92
19,Newsdata,https://www.dn.se/kultur/vargens-unge-del-42-av-57/,"Vargens unge, del 42 av 57",Läs tidigare avsnitt här,2024-08-02 18:00:00,https://static.bonniernews.se/gcs/bilder/dn-mly/e54d4abf-0b77-4c86-90b9-76581f0f352d.jpeg?downsize=1000%3A%2A&interpolation=lanczos-none&output-format=jpeg&output-quality=80,dn,0.9999999999999962,0,0,0,0,0
20,Newsdata,https://lanacionweb.com/internacional/llegan-a-chile-los-primeros-20-diplomaticos-expulsados-por-venezuela/,Llegan a Chile los primeros 20 diplomáticos expulsados por Venezuela,"Un grupo de 20 funcionarios de la misión diplomática chilena en Venezuela llegaron este jueves al aeropuerto de Santiago tras la orden de expulsión emitida por el presidente venezolano, Nicolás Maduro, mientras que el resto del personal llegará el sábado. Listen to Radio Democracia Electoral byLa Nacion Radio on hearthis.at “Es un orgullo para nuestro país estar [...]",2024-08-02 18:00:00,https://i0.wp.com/lanacionweb.com/fotoedicion/2024/08/image-12.png?fit=1024%2C683&ssl=1,lanacionweb,0.9999999999999962,0,0,0,0,0
21,Newsdata,https://www.b92.net/sport/pojedinacni-sportovi/streljastvo/45654/zorana-i-jelena-arunovic-za-b92sport-otkrile-sve-o-cuvenom-tajm-autu-na-oi-2024/vest,Arunovićeve za B92.sport otkrile sve o ključnom trenutku koji nam je doneo zlato u Parizu!,Olimpijska šampionka Zorana Arunović je u razgovoru za B92.sport odgovorila na sva pitanja koja već danima zanimaju javnost.,2024-08-02 18:00:00,https://www.b92.net/data/images/2024-08-02/50998_tan2024-08-0201450591-6_f.jpg,b92,3.5719216218484926e-178,3,67,387,2,49
22,Newsdata,https://www.focus.de/gesundheit/ratgeber/wechseljahre/wechseljahre-das-sind-die-wichtigsten-anzeichen-fuer-die-vorzeitige-menopause_id_260066309.html,Wechseljahre - Das sind die wichtigsten Anzeichen für die vorzeitige Menopause,"Bei manchen Frauen machen sich die Wechseljahre schon sehr früh bemerkbar. Lesen Sie hier, was die wichtigsten Symptome sind – und welche Anzeichen Sie vielleicht nicht auf dem Schirm haben.",2024-08-02 18:00:00,https://p6.focus.de/img/fotos/id_217030680/frau-lacht-1129377190.jpg?hash=081203a08f26746d8a98a31176f355ca4cfe9f5a63c79a445922fb8cbce4ed72&im=Crop%3D%280%2C0%2C2121%2C1061%29%3BResize%3D%281200%2C627%29&impolicy=perceptual&quality=mediumHigh,focus,3.12884361139237e-111,8,34,333,3,37
23,Newsdata,https://www.vecernji.hr/showbiz/slavna-slovenka-koju-hrvati-obozavaju-priznala-da-je-biseksualna-ako-bog-da-imat-cu-zenu-i-djecu-1789603,"Slavna Slovenka koju Hrvati obožavaju priznala da je biseksualna: 'Ako Bog da, imat ću ženu i djecu'",Senidah je otvoreno progovorila o svojoj seksualnoj orijentaciji i svima dala do znanja kako se ne opterećuje tuđim mišljenjima,2024-08-02 18:00:00,https://www.vecernji.hr/media/img/9d/82/cc33ca1c8e743558a837.jpeg,vecernji,1.0170903392981403e-81,2,51,343,4,39
24,Newsdata,https://thewest.com.au/politics/peter-dutton/liberal-leader-peter-dutton-kicks-off-wa-tour-by-admitting-his-party-has-a-lot-of-rebuilding-to-do-c-15552412,Liberal leader Peter Dutton kicks off WA tour by admitting his party has ‘a lot of rebuilding to do’,"‘The more you meet me, the more you’ll like me.’ That was Peter Dutton’s promise on Friday, as he began his five-day tour of WA ahead of the next Federal election.",2024-08-02 18:00:00,https://images.thewest.com.au/publication/C-15552412/8f7641858e75a1746e9b6999b37fa1f719ef7b17-16x9-x0y57w4000h2250.jpg,thewest,7.719181577534651e-09,0,1,7,1,7
25,Newsdata,https://www.lockportjournal.com/sports/lockport-s-edward-frye-iii-embraces-competition-playing-with-rome-city-institute/article_a9cd79b3-2558-5afe-b6b3-48ff05a8b8b8.html,"Lockport’s Edward Frye III embraces competition, playing with Rome City Institute","Edward Frye III took a car ride, looking for experience and feedback on his craft. Little did he expect at the time that the outcome would result in him soon taking his talents overseas.",2024-08-02 18:00:00,https://bloximages.chicago2.vip.townnews.com/lockportjournal.com/content/tncms/assets/v3/editorial/d/1e/d1ec9d9e-bffb-5808-984a-bbcc0d1f0402/66ad2297e0321.image.jpg?resize=300%2C197,lockportjournal,0.005887199059673349,3,5,11,2,6
26,Newsdata,https://www.odatv.com/guncel/israilli-bakanin-oyunu-tutmadi-hem-kulliye-hem-imamoglu-haddini-bildirdi-120056674,İsrailli Bakanın oyunu tutmadı... Hem Külliye hem İmamoğlu haddini bildirdi,İsrail Savunma Bakanı Yisrael Katz sosyal medyadan hem Türkiye’yi hem de Cumhurbaşkanı Recep Tayyip Erdoğan’ı hedef almaya devam ediyor.,2024-08-02 18:12:00,https://img.odatv.com/rcman/Cw1280h720q95gc/storage/files/images/2024/08/02/israilli-bakanin-oyunu-tutmadi-hem-kulliye-hem-imamoglu-haddini-bildirdi-vdwq.jpg,odatv4,0.9999999999999962,0,0,0,0,0
27,Newsdata,https://www.index.hr/vijesti/clanak/ovako-je-izgledao-najveci-poraz-rimske-vojske-masakrirano-je-80000-ljudi/2587136.aspx,Ovako je izgledao najveći poraz rimske vojske. Masakrirano je 80.000 ljudi,HANIBAL ostvaruje svoju najveću pobjedu u Drugom punskom ratu u bitci kod Kane.,2024-08-02 18:12:00,https://bucket.index.hr/b/index/a068c88f-35f7-4cd2-bc7b-ebdcba791c22.jpg,index_hr,0.9999999999999962,0,0,0,0,0
28,Newsdata,http://sportacentrs.com/parize_2024/02082024-caune_pec_debijas_olimpiskajas_speles_skr,Caune pēc olimpiskās debijas: ''Skrējiens bija izaicinājumu pilns'',"LETA. Latvijas skrējēja Agate Caune Parīzes olimpisko spēļu 5000 metru skrējiena pusfinālā saskārās ar vairākiem izaicinājumiem, sarunā ar žurnālistiem atzina Caune.",2024-08-02 18:12:00,https://i9.tiesraides.lv/800x600s/pictures/2024-08-02/9cb4_53896701657_057a3e454e_c_cropp.jpg,sportacentrs,0.9999999999999962,0,0,0,0,0
29,Newsdata,https://www.metrosport.gr/aris-anamenei-reintzers-kai-kroyzeiro-gia-sifoyentes-1016874,Άρης: Αναμένει Ρέιντζερς και Κρουζέιρο για τον Σιφουέντες,Δεδομένη πρέπει να θεωρείται η συμφωνία μεταξύ Άρη και Ρέιντζερς για τον μονοετή δανεισμό του Χοσέ Σιφουέντες με υποχρεωτική οψιόν αγοράς 5 εκατ. ...,2024-08-02 18:12:00,https://www.metrosport.gr/portal-img/feedimage/421/jose-cifuentes-1.jpg,metrosport,0.9999999999999962,0,0,0,0,0
30,Newsdata,https://www.lrt.lt/naujienos/veidai/14/2332453/martynenko-susizadejo-su-savo-sirdies-drauge,Martynenko susižadėjo su savo širdies drauge,"Rašytojas ir aktorius Marius Povilas Elijas Martynenko penktadienį pasidalino vaizdo įrašu, kuriame – jautri sužadėtuvių akimirka.",2024-08-02 18:12:00,https://www.lrt.lt/img/2023/10/24/1613239-329162-1287x836.jpg,lrt,0.9999999999999962,0,0,0,0,0
31,Newsdata,https://www.lalsace.fr/politique/2024/08/02/matignon-lucie-castets-y-croit-plus-que-jamais,Politique. Matignon ? Lucie Castets y croit plus que jamais !,La prétendante à Matignon poursuit ses discussions avec les responsables du Nouveau Front populaire sur un programme de gouvernement.,2024-08-02 18:12:00,https://cdn-s-www.lalsace.fr/images/33FF2149-9D7A-4972-8AB0-95457F049AF1/NW_listB/lucie-castets-en-visite-cette-semaine-a-l-usine-duralex-photo-sipa-guillaume-souvant-pool-1722616736.jpg,lalsace_fr,0.0005918819444182638,0,25,97,0,17
32,Newsdata,https://www.lefigaro.fr/societes/au-village-olympique-les-athletes-restent-sur-leur-faim-20240802,"Au Village olympique, les athlètes restent sur leur faim","RÉCIT - Quantités trop petites, manque de protéines animales... La restauration concoctée par le CoJo avec Sodexo Live ! n’a pas fait l’unanimité. L’alimentation est pourtant cruciale pour la performance des sportifs.",2024-08-02 18:12:00,https://i.f1g.fr/media/cms/2850x1603_crop/2024/08/02/9b7163b7db08f43c4d1e629fa5f385842ea1efc7f385e15ab76684df390c1836.jpg,lefigaro,0.9999999999999962,0,0,0,0,0
33,Newsdata,https://www.lrt.lt/naujienos/veidai/14/2332453/su-savo-sirdies-drauge-susizadejo-martynenko,Su savo širdies drauge susižadėjo Martynenko,"Rašytojas ir aktorius Marius Povilas Elijas Martynenko penktadienį pasidalino vaizdo įrašu, kuriame – jautri sužadėtuvių akimirka.",2024-08-02 18:12:00,https://www.lrt.lt/img/2023/10/24/1613239-329162-1287x836.jpg,lrt,0.9999999999999962,0,0,0,0,0
34,Newsdata,https://e-noticies.cat/politica/marta-rovira-valoracio-aval-militancia-salvador-illa,"Marta Rovira: 'És un sí, però un sí vigilant'",La secretària general d'ERC ha valorat l'aval de la militància a la investidura de Salvador Illa,2024-08-02 18:12:00,https://e-noticies.cat/filesedc/uploads/image/post/marta-rovira-erc-rueda-prensa_1600_1067.jpg,enoticies,8.718169034953533e-101,2,47,233,2,34
35,Newsdata,https://www.exitosanoticias.pe/politica/abogado-pedro-castillo-acusa-congreso-discriminar-expresidente-rechazar-su-pension-vitalicia-n132282,Abogado de Pedro Castillo acusa al Congreso de discriminar al expresidente por rechazar su pensión vitalicia,"El abogado de Pedro Castillo, Walter Ayala, sostuvo que con lo resuelto por el Congreso, de dar viabilidad a la pensión vitalicia de Alberto Fujimori, se demostraría que el fujimorismo maneja este poder.",2024-08-03 02:40:00,https://statics.exitosanoticias.pe/2024/08/66ada2efccf90.png,exitosanoticias,0.9999999975907208,0,10,103,0,11
36,Newsdata,https://www.straitstimes.com/world/deep-sea-mining-opponents-suffer-major-setback,Deep sea mining opponents suffer major setback,Deep sea mining has not yet taken place beyond experimental and exploratory stage.,2024-08-03 02:40:00,https://static1.straitstimes.com.sg/s3fs-public/styles/large30x20/public/articles/2024/08/03/2024-06-26T130312Z1585413798RC2UZ3AQVUYWRTRMADP3MINING-DEEPSEA-NORWAY.JPG?VersionId=PWoxRFjg4kA4cYVTbVuaDhaxMNeivmtl&itok=ewsHBKEg,straitstimes,8.269618124141733e-18,15,34,147,5,61
37,Newsdata,https://www.lavoz.com.ar/servicios/evangelio-de-hoy-sabado-3-de-agosto-de-2024-por-no-quedar-mal-con-los-invitados/,"Evangelio de hoy, sábado 3 de agosto de 2024: “Por no quedar mal con los invitados”",,2024-08-03 02:40:00,https://www.lavoz.com.ar/resizer/hywCCCUrw1_F78NULKgCA0WGtCc=/cloudfront-us-east-1.images.arcpublishing.com/grupoclarin/3RVD4TH72JFBNBGSYGJADP6X7Q.jpg,lavoz,2.1024738841854367e-146,1,56,446,2,47
38,Newsdata,https://www.teraz.sk/sport/pankova-neuspela-v-opravach-a-v-kajak/813236-clanok.html,Paňková i Beňuš skončili v kajak krose v opravách,Paňková obsadila vo štvrtej opravnej jazde 3. miesto za Češkou Terezou Fišerovou a Španielkou Maialen Chorrautovou.,2024-08-03 18:22:00,https://www2.teraz.sk/usercontent/photos/6/c/2/4-6c2b59a17c49220f6a1dce78f5e741a6bd7b00e3.jpg,teraz,0.0,7,72,605,1,90
39,Newsdata,https://www.bangkokpost.com/business/general/2841632/startup-surge,Startup surge,"Major venture capitalists are eyeing huge investment opportunities in startups with the focus on artificial intelligence (AI), transformative digital healthcare, and the emerging field of so-called pink technology.",2024-08-04 21:53:00,https://static.bangkokpost.com/media/content/dcx/2024/08/05/5227757.jpg,bangkokpost,1.1396769763078005e-16,40,157,581,29,250
40,Newsdata,https://www.areanapoli.it/calciomercato/sky---diawara-torna-in-serie-a-l-ex-napoli-cercato-da-un-club-italiano_558236.html,SKY - Diawara torna in Serie A? L'ex Napoli cercato da un club italiano,"L'ex centrocampista guineano di Napoli e Roma, Amadou Diawara, è diventato obiettivo di mercato di una società di Serie A.",2024-08-04 21:53:00,https://cdn.areanapoli.it/immagini/notizie/big/d/diawara_napoli_2.jpg,areanapoli,6.312429546960236e-06,2,14,117,0,4
41,Newsdata,https://www.yardbarker.com/tennis/articles/i_want_to_play_in_los_angeles_novak_djokovic_confirms_plans_for_the_2028_olympics/s1_17325_40701548,"'I want to play in Los Angeles,' Novak Djokovic confirms plans for the 2028 Olympics","Novak Djokovic‘s dream of winning an Olympic gold medal came true on Sunday (August 4) after a straight-set victory over Carlos Alcaraz. The Serb won in two tiebreak sets, 7-6 (3), 7-6 (2), completing his collection of all major tennis honors.",2024-08-04 21:53:00,http://www.yardbarker.com/media/2/4/241cbd041bc574aa6b5f5c56d0f83a9b8b49cd2b/thumb_16x9/aug-4-2024-paris-france-novak-djokovic-srb.jpg,yardbarker,0.5671338928439598,3,6,59,8,30
42,Newsdata,https://www.usmagazine.com/celebrity-news/pictures/stars-you-didnt-know-were-related-w442169/,"Celebs You Didn't Know Were Related: Ashley Park and Justin H. Min, More","Hillary Clinton and Madonna, and Ben Affleck and Matt Damon are just some Hollywood stars who are related — find out their connections and more!",2024-08-06 23:40:00,https://www.usmagazine.com/wp-content/uploads/2024/08/Celebs-You-Didn-t-Know-Were-Related-Ashley-Park-and-Justin-H-Min-More-735-Ashley-Park-and-Justin-H-Min-.jpg?crop=0px%2C29px%2C2000px%2C1131px&quality=86&resize=1000%2C563&strip=all,usmagazine,0.2634379569067866,6,19,53,12,22
43,Newsdata,https://www.bahianoticias.com.br/noticia/294960-voo-internacional-faz-pouso-em-belem-para-prisao-de-homem-que-agrediu-a-esposa,Voo internacional faz pouso em Belém para prisão de homem que agrediu a esposa,,2024-08-06 23:40:00,https://www.bahianoticias.com.br/fotos/principal_noticias/294960/IMAGEM_NOTICIA_original.jpg,bahianoticias,5.163076163633743e-133,2,30,160,1,26
44,Newsdata,https://www.wprost.pl/nauka/11777547/rosna-na-drzewach-sa-jadalne-i-swieca-rozpoczyna-sie-sezon-na-te-grzyby.html,Świecące grzyby w polskich lasach. Za chwilę zaczyna się sezon,"Są nie tylko elementem znanym z baśni i legend, ale pojawiają się również w polskich lasach. Nie każdy wie, że jest kilka rodzajów grzybów, które potrafią świecić. Niektóre są bardzo pospolite i właśnie zaczyna się na nie sezon.",2024-08-07 21:03:00,https://www.wprost.pl/_thumb/4e/84/6e2f54d290ffa8a971ae7fd6a04d.jpeg,wprost,2.0229911220308003e-112,0,23,208,2,29
45,Newsdata,https://www.prnewswire.com/news-releases/manulife-declares-preferred-share-dividends-302217113.html,Manulife declares preferred share dividends,"C$ unless otherwise stated TSX/NYSE/PSE: MFC SEHK: 945 TORONTO, Aug. 7, 2024 /PRNewswire/ - Manulife's Board of Directors today announced quarterly shareholders' dividends on the following non-cumulative preferred shares of Manulife Financial Corporation, payable on or after September 19,...",2024-08-07 21:03:00,https://mma.prnewswire.com/media/2476474/Manulife_Financial_Corporation_Manulife_declares_preferred_share.jpg?p=original,cision,5.07996993098395e-11,5,14,79,7,16
46,Newsdata,https://www.pressafrik.com/JO-2024-Football-le-Maroc-ecrase-l-Egypte-et-remporte-la-medaille-de-bronze_a276672.html,JO 2024 – Football : le Maroc écrase l’Égypte et remporte la médaille de bronze,Le Maroc a enregistré une large victoire contre l’Égypte ce jeudi 8 août au stade de la Beaujoire... www.pressafrik.com,2024-08-08 16:54:00,https://www.pressafrik.com/photo/art/default/82058959-58977948.jpg?v=1723137624,pressafrik,0.9062439037085304,0,11,69,0,7
47,Newsdata,"https://sport.interia.pl/tenis/news-gauff-wrocila-po-klesce-na-igrzyskach-i-znow-klopoty-4-1-dla,nId,7753893","Gauff wróciła po klęsce na igrzyskach i znów kłopoty. 4:1 dla Amerykanki, potem zwrot akcji","20-letnia Coco Gauff nie zdecydowała się na dłuższy odpoczynek po igrzyskach i prosto z Paryża udała się na swój kontynent, by wziąć udział w turnieju WTA 1000 w Toronto. Pod nieobecność Igi Świątek rozstawiono ją z ""1"". Na starcie czekała ją rywalizacja z Yafan Wang. Wiceliderka rankingu prowadziła wysoko w obu setach, ale Chinka za każdym razem goniła wynik i partie rozstrzygały się dopiero w samej końcówce. Ostatecznie to jednak zawodniczka ze Stanów Zjednoczonych wygrała 6:4, 6:4.",2024-08-09 02:40:00,https://i.iplsc.com/gauff-wrocila-po-klesce-na-igrzyskach-i-znow-klopoty-4-1-dla/000JLH2O9XXXUIX7-C321.jpg,interiasport,5.386753937245497e-155,0,14,135,1,23
48,Newsdata,https://www.diena.lv/raksts/viedokli/latvija/atslegsanas-no-brell-ir-vairs-tikai-formala-darbiba-14322130,Atslēgšanās no BRELL ir vairs tikai formāla darbība,"Par Latvijas enerģētisko unekonomisko drošību, atjaunojamās enerģijas ražošanas apjomiem, kā arī par to, cik būtisks vai nebūtisks notikums irnākamgad plānotā pilnīgā atslēgšanās no BRELL, GuntarsGūte sarunājas ar enerģētikasekspertu Juri Ozoliņu",2024-08-09 02:40:00,https://cdn.diena.lv/media/2024/08/3/large/cb07da3c4c1e.jpg,diena,0.752591417320975,5,38,200,0,31
49,Newsdata,https://www.burnabynow.com/quebec-news/defending-champion-jannik-sinner-beats-borna-coric-in-montreal-in-return-from-tonsillitis-9328865,Defending champion Jannik Sinner beats Borna Coric in Montreal in return from tonsillitis,"MONTREAL (AP) — Top-ranked Jannik Sinner opened his National Bank Open title defense with a 6-2, 6-4 victory over Borna Coric on Thursday in the second round of the National Bank Open.",2024-08-09 02:40:00,https://www.burnabynow.com/images/blank.gif,burnabynow,5.926875257456661e-09,10,35,114,9,30
50,Newsdata,https://www.parlamentnilisty.cz/arena/monitor/Biden-priznal-ze-ho-vysoupli-Ani-nedokazu-rict-kolik-je-mi-let-759836,"Biden přiznal, že ho vyšoupli. „Ani nedokážu říct, kolik je mi let.“","Prezident Spojených států amerických Joe Biden v rozhovoru pro CBS News uvedl, že z prezidentských voleb odstoupil i kvůli ztrátě důvěry mezi demokraty, kteří se obávali, že by jeho kandidatura mohla poškodit jejich šance v nadcházejících volbách. Neúspěšné vystoupení v debatě s Donaldem Trumpem prohloubilo obavy o jeho schopnosti zvládnout druhé funkční období. Varoval, že pokud Trump zvítězí, představuje to skutečné nebezpečí pro USA.",2024-08-11 17:10:00,https://cms.parlamentnilisty.cz/image.ashx?f=jb_637929928212199654.JPG&h=307&id=171407&w=632,parlamentnilisty,7.874504738355909e-58,2,66,492,8,63
51,Newsdata,https://www.cleveland.com/tv/2024/08/mets-vs-mariners-free-stream-watch-sunday-night-baseball-on-espn-today.html,Mets vs. Mariners FREE stream: Watch Sunday Night Baseball on ESPN today,How to watch the New York Mets take on the Seattle Mariners for free if you don't have cable.,2024-08-11 17:10:00,https://www.cleveland.com/resizer/v2/NERESCSEI5DZ7FHJRGTAJE5K2M.jpg?auth=7754c701d8076899304bb017c461b062903453f1a3e51a1f71d9c18f7345143a&height=3345&smart=true&width=5017,cleveland,1.434519566827194e-12,11,36,162,8,47
52,Newsdata,https://www.dw.com/en/paris-2024-olympics-the-good-the-bad-and-the-golden/a-69914412?maca=en-rss-en-top-1022-rdf,"Paris 2024 Olympics: The good, the bad and the golden","Spectacular venues, memorable performances and breakout stars, Paris 2024 had plenty to recommend it. DW takes a look back at some of the standout moments, whether good, bad or comical, of the Games.",2024-08-11 17:10:00,https://static.dw.com/image/69836724_6.jpg,dw,0.00035366321320918093,43,80,358,35,138
53,Newsdata,https://www.deutschlandfunk.de/olympia-2024-medaillen-st-lucia-100.html,Olympia 2024 - Historische Medaillen mit großer Hoffnung,"Die Zahl der Länder, die Medaillen gewinnen, steigt kontinuierlich an. Darunter auch viele Länder, die zum ersten Mal eine Medaille gewonnen haben – und die dadurch auf einen regelrechten Sportboom hoffen.Von Christian von Stülpnagel",2024-08-11 17:10:00,https://bilder.deutschlandfunk.de/ed/fd/4e/91/edfd4e91-6655-4aa4-8c4e-5de6a4e004c3/olympia-2024-108-1280x1280.jpg,deutschlandfunk,3.245339882997856e-78,9,90,610,5,68
54,Newsdata,https://sputnikglobe.com/20240811/how-mackinders-heartland-theory-of-geopolitics-helps-explain-bangladeshi-pm-hasinas-ouster-1119725428.html,How Mackinder's Heartland Theory of Geopolitics Helps Explain Bangladeshi PM Hasina's Ouster,"Bangladeshi Prime Minister Sheikh Hasina was forced from power last week by large-scale, violent, student-led protests. On Sunday, the politician offered her most direct explanation to date about the foreign forces responsible for her removal from office. Sputnik asked veteran international affairs commentator Jeff Brown to elaborate.",2024-08-11 17:10:00,https://cdn1.img.sputnikglobe.com/img/07e8/08/0b/1119726041_0:46:3072:1774_1920x0_80_0_0_0c8ef3d73722e5eeddfb226508754243.jpg.webp,sputnikglobe,6.288053219598603e-07,16,66,272,19,109
55,Newsdata,"https://www.sport.pl/igrzyska-olimpijskie/7,154863,31220251,oto-skala-katastrofy-polski-na-igrzyskach-najgorzej-od-96-lat.html",Oto skala katastrofy Polski na igrzyskach. Najgorzej od 96 lat!,"To nie były dobre igrzyska olimpijskie w wykonaniu reprezentacji Polski. Daria Pikulik uratowała nas ostatniego dnia przed najmniejszym dorobkiem medalowym od 68 lat, ale to nie zmienia słabiutkiego obrazu polskiego sportu, jaki zostanie po paryskiej rywalizacji. Zwłaszcza jeżeli chodzi o mężczyzn. Jak zauważył na portalu X dziennikarz Łukasz Bok, od prawie stu lat nie mieliśmy tak fatalnego występu męskiej części naszych olimpijczyków.",2024-08-11 17:10:00,https://bi.im-g.pl/im/42/c1/1d/z31201858M.jpg,sport_pl,9.891352755212243e-57,3,32,253,4,26
56,Newsdata,https://yourstory.com/2024/08/pitfalls-scaling-wide-healthcare-niche-solutions-better-patient-outcomes,Pitfalls of scaling wide in healthcare and how focus on niche solutions yields better patient outcomes,"A more focused approach of going deep in service and market choices can help provide for better, more sustainable results.",2024-08-12 01:35:00,https://images.yourstory.com/cs/2/f02aced0d86311e98e0865c1f0fe59a2/homecare-1629367354485.png,yourstory,4.563902900447915e-05,34,111,233,17,117
57,Newsdata,https://www.notebookcheck-tr.com/Lenovo-ThinkPad-X13-Gen-4-AMD-dizuestue-bilgisayar-incelemesi-Vasat-performansa-sahip-kompakt-Ryzen-makine.874601.0.html,Lenovo ThinkPad X13 Gen 4 AMD dizüstü bilgisayar incelemesi: Vasat performansa sahip kompakt Ryzen makine,"Küçük ama idare eder. | Lenovo ThinkPad X13 Gen 4, AMD Ryzen CPU'lara sahip en kompakt ThinkPad'lerden biridir. Ne yazık ki, kompakt boyut, CPU performansı söz konusu olduğunda belirginleşen bazı tavizlerle sonuçlanır.",2024-08-12 01:35:00,https://www.notebookcheck-tr.com/fileadmin/Notebooks/Lenovo/ThinkPad_X13_G4_AMD/DSC_0063.JPG,notebookcheck,0.9999999999999536,1,18,55,1,18
58,Newsdata,https://www.wcpo.com/news/local-news/a-double-treat-in-the-night-sky,A double treat in the night sky,Star gazers were out looking for shooting stars on Sunday night but they got an expected treat as the northern lights became visible too.,2024-08-12 19:57:00,https://ewscripps.brightspotcdn.com/40/87/fb3e087f4899b6a387040279001b/20240812-022314.jpg,wcpo,0.021308211685309365,17,18,115,13,43
59,Newsdata,https://www.entrepreneur.com/business-news/cash-apps-15-million-settlement-how-to-claim-money/478376,Cash App Will Pay $15 Million to Settle a Class Action Lawsuit — Here's How to Claim Up to $2500,Eligible users have until November 18 to claim a part of the cash.,2024-08-12 19:57:00,https://assets.entrepreneur.com/content/3x2/2000/1723492629-GettyImages-2150306046.jpg?auto=webp&format=pjeg,entrepreneurmx,2.7217830861064025e-05,9,23,114,10,56
60,Newsdata,https://www.sootoday.com/city-police-beat/sault-police-trying-to-find-out-of-town-visitor-who-went-missing-9341180,Sault Police trying to find out-of-town visitor who went missing,"Trevor Demille, 54, was last seen Saturday in the 400 block of Great Northern Road",2024-08-12 19:57:00,https://www.vmcdn.ca/f/files/sootoday/images/police/20240812trevordemillemissingssmps.jpg;w=960,sootoday,9.753217687560654e-84,1,8,57,1,25
61,Newsdata,https://www.nbcnews.com/science/science-news/earthquake-los-angeles-rcna166286,Significant earthquake rattles Los Angeles,"An earthquake hit Los Angeles on Monday, rattling a wide swath in and around the metro area.",2024-08-12 19:57:00,https://media-cldnry.s-nbcnews.com/image/upload/t_fit_1500w/rockcms/2024-08/240812-los-angeles-area-skyline-se-351p-883b39.jpg,nbcnews,2.6858766991139722e-48,8,7,43,1,18
62,Newsdata,https://tulsaworld.com/sports/college/osu/mike-gundy-believes-cowboys-well-positioned-to-impress-playoff-committee-in-future-seasons/article_e48a6304-58e4-11ef-a161-5ba539278f88.html,Mike Gundy believes Cowboys well-positioned to impress playoff committee in future seasons,Change is coming to college football and Mike Gundy remains confident the Oklahoma State football program has put itself in position for postseason success.,2024-08-12 19:57:00,https://bloximages.newyork1.vip.townnews.com/tulsaworld.com/content/tncms/assets/v3/editorial/8/af/8af52b2a-58e5-11ef-8716-ab7d10ee0bbe/66aebaaa0c26b.image.jpg?resize=300%2C200,tulsaworld,0.0615503713012988,43,58,252,32,129
